pasut,bulan,target
0.70,1,0
0.60,1,0
0.60,1,0
0.80,1,0
0.90,1,0
0.90,1,0
1.00,1,0
1.00,1,0
1.00,1,0
1.00,1,0
1.20,1,0
1.40,1,0
1.40,1,0
1.40,1,0
1.40,1,0
1.40,1,0
1.40,1,0
1.40,1,0
1.40,1,0
1.30,1,0
1.30,1,0
1.30,1,0
1.30,1,0
1.20,1,0
1.10,1,0
1.10,1,0
1.20,1,0
1.30,1,0
1.30,1,0
1.40,1,0
1.30,1,0
1.30,1,0
1.30,1,0
1.30,1,0
1.30,1,0
0.00,1,0
1.40,1,0
1.60,1,0
1.60,1,0
1.50,1,0
1.50,1,0
1.50,1,0
1.50,1,0
1.40,1,0
1.30,1,0
1.30,1,0
1.30,1,0
1.10,1,0
1.00,1,0
1.20,1,0
1.10,1,0
1.30,1,0
1.50,1,0
1.50,1,0
1.50,1,0
1.60,1,0
1.70,1,0
1.60,1,0
1.60,1,0
1.60,1,0
1.60,1,0
1.50,1,0
1.50,1,0
1.40,1,0
1.30,1,0
1.10,1,0
1.30,1,0
1.30,1,0
1.40,1,0
1.60,1,0
1.60,1,0
1.70,1,0
1.70,1,0
1.70,1,0
1.70,1,0
1.50,1,0
1.50,1,0
1.50,1,0
1.50,1,0
1.60,1,0
1.60,1,0
1.60,1,0
1.60,1,0
1.60,1,0
1.60,1,0
1.60,1,0
1.60,1,0
1.60,1,0
1.70,1,0
1.70,1,0
1.70,1,0
1.70,1,0
1.60,1,0
1.90,1,0
1.90,1,0
1.90,1,0
1.80,1,0
1.70,1,0
1.70,1,0
1.60,1,0
1.60,1,0
1.60,1,0
1.60,1,0
1.60,1,0
1.60,1,0
1.50,1,0
1.40,1,0
1.40,1,0
1.50,1,0
1.50,1,0
1.80,1,0
1.80,1,0
1.80,1,0
1.80,1,0
1.80,1,0
1.70,1,0
1.70,1,0
1.70,1,0
1.70,1,0
1.60,1,0
1.50,1,0
1.50,1,0
1.40,1,0
1.40,1,0
1.40,1,0
1.40,1,0
1.30,1,0
1.30,1,0
1.30,1,0
1.30,1,0
1.50,1,0
1.30,1,0
1.40,1,0
1.50,1,0
1.50,1,0
1.50,1,0
1.50,1,0
1.40,1,0
1.40,1,0
1.30,1,0
1.30,1,0
1.30,1,0
1.40,1,0
1.30,1,0
1.30,1,0
1.30,1,0
1.20,1,0
1.10,1,0
1.10,1,0
1.20,1,0
1.20,1,0
1.40,1,0
1.50,1,0
1.50,1,0
1.60,1,0
1.60,1,0
1.40,1,0
1.30,1,0
1.20,1,0
1.20,1,0
1.30,1,0
1.30,1,0
1.30,1,0
1.30,1,0
1.30,1,0
1.20,1,0
1.20,1,0
1.20,1,0
1.10,1,0
1.20,1,0
1.40,1,0
1.40,1,0
1.30,1,0
1.30,1,0
1.50,1,0
1.50,1,0
1.60,1,0
1.70,1,0
1.60,1,0
1.60,1,0
1.50,1,0
1.40,1,0
1.40,1,0
1.40,1,0
1.40,1,0
1.20,1,0
1.20,1,0
1.10,1,0
1.10,1,0
1.00,1,0
1.30,1,0
1.50,1,0
1.60,1,0
1.60,1,0
1.60,1,0
1.50,1,0
1.60,1,0
1.60,1,0
1.50,1,0
1.50,1,0
1.50,1,0
1.20,1,0
1.20,1,0
1.30,1,0
1.30,1,0
1.20,1,0
1.20,1,0
1.10,1,0
1.00,1,0
1.00,1,0
1.10,1,0
1.10,1,0
1.30,1,0
1.50,1,0
1.70,1,0
1.70,1,0
1.70,1,0
1.70,1,0
1.70,1,0
1.50,1,0
1.50,1,0
1.60,1,0
1.60,1,0
1.60,1,0
1.60,1,0
1.50,1,0
1.40,1,0
1.40,1,0
1.40,1,0
1.50,1,0
1.60,1,0
1.50,1,0
1.50,1,0
1.60,1,0
1.50,1,0
1.50,1,0
1.50,1,0
1.50,1,0
1.50,1,0
1.50,1,0
1.50,1,0
1.60,1,0
1.60,1,0
1.60,1,0
1.60,1,0
1.60,1,0
1.60,1,0
1.70,1,0
1.70,1,0
1.80,1,0
1.80,1,0
1.70,1,0
1.60,1,0
1.60,1,0
1.60,1,0
1.30,1,0
1.20,1,0
1.20,1,0
1.20,1,0
1.10,1,0
1.10,1,0
1.00,1,0
1.20,1,0
1.20,1,0
1.30,1,0
1.40,1,0
1.40,1,0
1.50,1,0
1.60,1,0
1.60,1,0
1.40,1,0
1.40,1,0
1.10,1,0
0.90,1,0
0.90,1,0
1.00,1,0
1.00,1,0
0.80,1,0
0.80,1,0
0.70,1,0
0.80,1,0
0.80,1,0
0.80,1,0
0.80,1,0
0.90,1,0
0.90,1,0
1.20,1,0
1.00,1,0
0.80,1,0
0.70,1,0
0.60,1,0
0.60,1,0
0.60,1,0
0.60,1,0
0.70,1,0
0.60,1,0
0.60,1,0
0.70,1,0
0.60,1,0
0.60,1,0
0.80,1,0
1.00,1,0
1.20,1,0
1.60,1,0
1.60,1,0
1.50,1,0
1.50,1,0
1.40,1,0
1.40,1,0
1.40,1,0
1.30,1,0
1.30,1,0
1.40,1,0
1.30,1,0
1.20,1,0
1.20,1,0
1.20,1,0
1.20,1,0
1.20,1,0
1.10,1,0
1.40,1,0
1.20,1,0
1.20,1,0
1.30,1,0
1.30,1,0
1.40,1,0
1.40,1,0
1.40,1,0
1.40,1,0
1.30,1,0
1.30,1,0
1.30,1,0
1.30,1,0
1.30,1,0
1.30,1,0
1.20,1,0
1.20,1,0
1.20,1,0
1.10,1,0
1.00,1,0
1.00,1,0
1.00,1,0
0.90,1,0
0.80,1,0
0.60,1,0
0.60,1,0
0.50,1,0
0.40,1,0
0.40,1,0
0.30,1,0
0.30,1,0
0.30,1,0
0.40,1,0
0.30,1,0
0.20,1,0
0.30,1,0
0.30,1,0
0.20,1,0
0.20,1,0
0.20,1,0
0.20,1,0
0.20,1,0
0.30,1,0
0.40,1,0
0.40,1,0
0.50,1,0
0.70,1,0
0.60,1,0
0.60,1,0
0.70,1,0
0.80,1,0
0.60,1,0
0.60,1,0
0.60,1,0
0.60,1,0
0.60,1,0
0.60,1,0
0.60,1,0
0.60,1,0
0.70,1,0
0.60,1,0
0.50,1,0
0.50,1,0
0.30,1,0
0.30,1,0
0.30,1,0
0.30,1,0
0.60,1,0
0.70,1,0
0.40,1,0
0.40,1,0
0.40,1,0
0.40,1,0
0.50,1,0
0.50,1,0
0.50,1,0
0.50,1,0
0.50,1,0
0.60,1,0
0.60,1,0
0.60,1,0
0.60,1,0
0.60,1,0
0.60,1,0
0.50,1,0
0.60,1,0
0.80,1,0
0.90,1,0
1.20,1,0
1.30,1,0
1.40,1,0
1.40,1,0
1.30,1,0
1.30,1,0
1.20,1,0
1.20,1,0
1.20,1,0
1.10,1,0
1.10,1,0
1.20,1,0
1.10,1,0
1.00,1,0
1.00,1,0
1.00,1,0
0.90,1,0
0.90,1,0
0.80,1,0
0.60,1,0
0.60,1,0
0.60,1,0
1.00,1,0
0.90,1,0
0.80,1,0
0.90,1,0
1.00,1,0
1.00,1,0
0.90,1,0
0.90,1,0
0.90,1,0
0.90,1,0
0.90,1,0
0.90,1,0
0.90,1,0
0.90,1,0
0.80,1,0
0.90,1,0
0.90,1,0
0.80,1,0
0.70,1,0
0.80,1,0
0.90,1,0
0.90,1,0
1.00,1,0
1.10,1,0
1.10,1,0
1.20,1,0
1.20,1,0
1.20,1,0
1.10,1,0
1.20,1,0
0.90,1,0
0.80,1,0
0.80,1,0
0.80,1,0
0.80,1,0
0.80,1,0
0.80,1,0
0.80,1,0
0.90,1,0
0.90,1,0
0.90,1,0
0.70,1,0
0.70,1,0
0.90,1,0
0.90,1,0
1.00,1,0
1.00,1,0
0.90,1,0
1.00,1,0
1.20,1,0
1.20,1,0
1.10,1,0
1.00,1,0
1.10,1,0
1.10,1,0
1.10,1,0
1.10,1,0
1.00,1,0
1.00,1,0
1.00,1,0
0.90,1,0
1.00,1,0
1.00,1,0
0.90,1,0
0.90,1,0
0.90,1,0
1.00,1,0
1.10,1,0
1.20,1,0
1.30,1,0
1.30,1,0
1.30,1,0
1.30,1,0
1.20,1,0
1.20,1,0
1.20,1,0
1.10,1,0
1.10,1,0
1.20,1,0
1.20,1,0
1.10,1,0
1.10,1,0
1.10,1,0
0.80,1,0
0.70,1,0
0.60,1,0
0.90,1,0
1.10,1,0
1.10,1,0
1.20,1,0
1.30,1,0
1.30,1,0
1.30,1,0
1.30,1,0
1.30,1,0
1.20,1,0
1.20,1,0
1.20,1,0
1.10,1,0
1.10,1,0
1.10,1,0
1.10,1,0
1.10,1,0
1.10,1,0
1.00,1,0
1.00,1,0
1.00,1,0
1.30,1,0
1.30,1,0
1.30,1,0
1.30,1,0
1.40,1,0
1.40,1,0
1.30,1,0
1.30,1,0
1.10,1,0
1.10,1,0
1.10,1,0
1.10,1,0
1.10,1,0
1.00,1,0
1.00,1,0
1.00,1,0
1.00,1,0
1.00,1,0
1.00,1,0
0.90,1,0
1.10,1,0
0.80,1,0
1.00,1,0
0.80,1,0
1.00,1,0
1.00,1,0
1.10,1,0
1.30,1,0
1.20,1,0
0.90,1,0
1.00,1,0
0.90,1,0
0.80,1,0
0.80,1,0
0.80,1,0
0.80,1,0
0.80,1,0
0.80,1,0
0.80,1,0
0.70,1,0
0.70,1,0
0.60,1,0
0.50,1,0
0.60,1,0
0.60,1,0
0.70,1,0
0.80,1,0
1.00,1,0
1.10,1,0
1.30,1,0
1.00,1,0
1.00,1,0
0.90,1,0
0.90,1,0
0.80,1,0
0.80,1,0
0.80,1,0
0.80,1,0
0.80,1,0
0.70,1,0
0.70,1,0
0.70,1,0
0.70,1,0
0.80,1,0
0.70,1,0
0.60,1,0
0.50,1,0
0.40,1,0
0.30,1,0
0.30,1,0
0.40,1,0
0.70,1,0
0.70,1,0
0.80,1,0
1.00,1,0
1.10,1,0
1.10,1,0
1.00,1,0
1.00,1,0
1.00,1,0
1.00,1,0
0.90,1,0
0.90,1,0
0.90,1,0
0.90,1,0
0.90,1,0
0.90,1,0
0.80,1,0
0.70,2,0
0.70,2,0
0.60,2,0
0.40,2,0
0.30,2,0
0.40,2,0
0.50,2,0
0.60,2,0
0.90,2,0
0.00,2,0
0.90,2,0
0.80,2,0
0.90,2,0
0.90,2,0
0.90,2,0
0.90,2,0
0.80,2,0
0.80,2,0
0.80,2,0
0.90,2,0
0.90,2,0
0.80,2,0
0.80,2,0
0.80,2,0
0.80,2,0
0.70,2,0
0.60,2,0
0.60,2,0
0.70,2,0
0.90,2,0
0.90,2,0
1.00,2,0
1.10,2,0
1.20,2,0
1.10,2,0
1.10,2,0
1.10,2,0
1.00,2,0
1.00,2,0
0.90,2,0
0.90,2,0
1.00,2,0
1.10,2,0
1.10,2,0
1.20,2,0
0.90,2,0
0.80,2,0
0.60,2,0
0.60,2,0
0.70,2,0
0.70,2,0
0.70,2,0
0.80,2,0
0.80,2,0
0.80,2,0
0.80,2,0
0.90,2,0
1.10,2,0
1.10,2,0
1.10,2,0
1.10,2,0
1.00,2,0
1.00,2,0
1.10,2,0
0.00,2,0
1.00,2,0
0.80,2,0
0.60,2,0
0.60,2,0
0.60,2,0
0.60,2,0
0.60,2,0
0.30,2,0
0.40,2,0
0.40,2,0
0.40,2,0
0.50,2,0
0.60,2,0
0.70,2,0
0.70,2,0
0.80,2,0
0.80,2,0
0.80,2,0
0.80,2,0
0.70,2,0
0.80,2,0
0.70,2,0
0.70,2,0
0.60,2,0
0.70,2,0
0.50,2,0
0.40,2,0
0.50,2,0
0.40,2,0
0.40,2,0
0.40,2,0
0.40,2,0
0.60,2,0
0.70,2,0
0.70,2,0
0.80,2,0
0.90,2,0
0.80,2,0
0.80,2,0
0.70,2,0
0.50,2,0
0.50,2,0
0.40,2,0
0.40,2,0
0.30,2,0
0.30,2,0
0.40,2,0
0.30,2,0
0.30,2,0
0.30,2,0
0.20,2,0
0.20,2,0
0.20,2,0
0.10,2,0
0.30,2,0
0.20,2,0
0.10,2,0
0.20,2,0
0.30,2,0
0.40,2,0
0.60,2,0
0.60,2,0
0.80,2,0
0.70,2,0
0.60,2,0
0.60,2,0
0.50,2,0
0.50,2,0
0.40,2,0
0.40,2,0
0.40,2,0
0.40,2,0
0.40,2,0
0.40,2,0
0.40,2,0
0.20,2,0
0.20,2,0
0.20,2,0
0.30,2,0
0.40,2,0
0.60,2,0
0.60,2,0
0.60,2,0
0.70,2,0
0.70,2,0
0.80,2,0
0.70,2,0
0.70,2,0
0.60,2,0
0.60,2,0
0.60,2,0
0.60,2,0
0.60,2,0
0.60,2,0
0.60,2,0
0.60,2,0
0.60,2,0
0.60,2,0
0.60,2,0
0.70,2,0
0.70,2,0
0.80,2,0
0.90,2,0
1.00,2,0
1.10,2,0
1.10,2,0
0.90,2,0
0.80,2,0
0.60,2,0
0.60,2,0
0.50,2,0
0.50,2,0
0.50,2,0
0.40,2,0
0.40,2,0
0.40,2,0
0.30,2,0
0.30,2,0
0.40,2,0
0.50,2,0
0.50,2,0
0.60,2,0
0.70,2,0
0.70,2,0
0.80,2,0
0.90,2,0
0.80,2,0
0.50,2,0
0.50,2,0
0.50,2,0
0.50,2,0
0.50,2,0
0.50,2,0
0.50,2,0
0.50,2,0
0.50,2,0
0.50,2,0
0.50,2,0
0.50,2,0
0.50,2,0
0.50,2,0
0.50,2,0
0.60,2,0
0.70,2,0
0.70,2,0
0.80,2,0
0.90,2,0
0.90,2,0
0.90,2,0
0.90,2,0
0.90,2,0
0.90,2,0
0.90,2,0
0.90,2,0
0.90,2,0
0.90,2,0
0.90,2,0
0.60,2,0
0.60,2,0
0.60,2,0
0.60,2,0
0.70,2,0
0.70,2,0
0.70,2,0
0.80,2,0
0.90,2,0
1.00,2,0
1.00,2,0
0.90,2,0
0.90,2,0
0.80,2,0
0.90,2,0
0.80,2,0
0.80,2,0
0.70,2,0
0.80,2,0
0.80,2,0
0.80,2,0
0.80,2,0
0.80,2,0
0.80,2,0
0.80,2,0
0.90,2,0
0.90,2,0
1.00,2,0
1.10,2,0
1.10,2,0
1.20,2,0
1.20,2,0
1.10,2,0
1.10,2,0
1.00,2,0
1.00,2,0
1.10,2,0
1.10,2,0
1.10,2,0
1.10,2,0
1.10,2,0
1.10,2,0
1.10,2,0
1.10,2,0
1.10,2,0
1.20,2,0
1.30,2,0
1.30,2,0
1.50,2,0
1.40,2,0
1.30,2,0
1.10,2,0
0.80,2,0
0.80,2,0
0.90,2,0
0.90,2,0
0.90,2,0
0.80,2,0
0.80,2,0
0.80,2,0
0.80,2,0
0.70,2,0
0.70,2,0
0.70,2,0
0.70,2,0
0.70,2,0
0.80,2,0
0.90,2,0
1.10,2,0
1.10,2,0
1.00,2,0
0.80,2,0
0.70,2,0
0.70,2,0
0.60,2,0
0.60,2,0
0.60,2,0
0.60,2,0
0.60,2,0
0.60,2,0
0.60,2,0
0.60,2,0
0.60,2,0
0.70,2,0
0.70,2,0
0.60,2,0
0.60,2,0
0.30,2,0
0.30,2,0
0.40,2,0
0.40,2,0
0.40,2,0
0.30,2,0
0.20,2,0
0.20,2,0
0.20,2,0
0.20,2,0
0.20,2,0
0.20,2,0
0.30,2,0
0.30,2,0
0.30,2,0
0.30,2,0
0.30,2,0
0.30,2,0
0.20,2,0
0.10,2,0
0.10,2,0
0.10,2,0
0.20,2,0
0.40,2,0
0.50,2,0
0.60,2,0
0.60,2,0
0.70,2,0
0.70,2,0
0.70,2,0
0.80,2,0
0.90,2,0
0.80,2,0
0.90,2,0
0.90,2,0
1.00,2,0
1.00,2,0
1.10,2,0
1.10,2,0
1.10,2,0
1.00,2,0
0.90,2,0
1.00,2,0
1.00,2,0
1.00,2,0
0.90,2,0
0.60,2,0
0.50,2,0
0.40,2,0
0.30,2,0
0.30,2,0
0.50,2,0
0.60,2,0
1.00,2,0
1.00,2,0
1.00,2,0
0.90,2,0
1.00,2,0
0.90,2,0
0.80,2,0
3.00,2,1
1.90,2,0
0.60,2,0
0.70,2,0
0.60,2,0
0.50,2,0
0.40,2,0
0.40,2,0
0.50,2,0
0.70,2,0
0.90,2,0
0.70,2,0
0.70,2,0
0.90,2,0
0.90,2,0
0.90,2,0
0.80,2,0
0.90,2,0
0.80,2,0
0.90,2,0
0.80,2,0
0.70,2,0
0.60,2,0
0.60,2,0
0.60,2,0
0.60,2,0
0.40,2,0
0.40,2,0
0.50,2,0
0.70,2,0
0.70,2,0
0.70,2,0
0.90,2,0
1.00,2,0
1.00,2,0
1.10,2,0
1.00,2,0
0.80,2,0
0.70,2,0
0.70,2,0
0.70,2,0
0.70,2,0
0.80,2,0
0.80,2,0
0.90,2,0
0.90,2,0
0.90,2,0
0.80,2,0
0.70,2,0
0.70,2,0
0.80,2,0
0.80,2,0
0.90,2,0
1.00,2,0
1.10,2,0
1.10,2,0
1.10,2,0
1.10,2,0
1.10,2,0
1.00,2,0
0.80,2,0
0.70,2,0
0.70,2,0
0.70,2,0
0.70,2,0
0.60,2,0
0.60,2,0
0.60,2,0
0.60,2,0
0.40,2,0
0.40,2,0
0.40,2,0
0.50,2,0
0.60,2,0
0.50,2,0
0.50,2,0
0.60,2,0
0.60,2,0
0.60,2,0
0.70,2,0
0.80,2,0
0.80,2,0
0.80,2,0
0.80,2,0
0.00,2,0
0.80,2,0
0.80,2,0
0.90,2,0
0.80,2,0
0.80,2,0
0.80,2,0
0.80,2,0
0.70,2,0
0.60,2,0
0.60,2,0
0.60,2,0
0.50,2,0
0.60,2,0
0.70,2,0
0.70,2,0
0.80,2,0
1.00,2,0
1.00,2,0
1.00,2,0
1.00,2,0
1.00,2,0
0.90,2,0
1.00,2,0
1.00,2,0
1.00,2,0
0.90,2,0
1.00,2,0
1.00,2,0
1.00,2,0
0.80,2,0
0.80,2,0
0.90,2,0
1.00,2,0
1.00,2,0
1.20,2,0
1.30,2,0
1.30,2,0
1.40,2,0
1.40,2,0
1.40,2,0
1.40,2,0
1.30,2,0
1.30,2,0
1.30,2,0
1.40,2,0
1.30,2,0
1.20,2,0
1.10,2,0
1.00,2,0
0.90,2,0
0.70,2,0
0.60,2,0
0.60,2,0
0.60,2,0
0.70,2,0
0.80,2,0
0.80,2,0
0.90,2,0
1.00,2,0
1.10,2,0
1.20,2,0
1.20,2,0
1.20,2,0
1.20,2,0
1.20,2,0
1.20,2,0
1.20,2,0
1.20,2,0
1.10,2,0
1.10,2,0
1.00,2,0
0.90,2,0
0.90,2,0
0.80,2,0
0.70,2,0
0.50,2,0
0.40,2,0
0.30,2,0
0.40,2,0
0.50,2,0
0.60,2,0
0.80,2,0
0.90,2,0
0.90,2,0
1.10,2,0
1.00,2,0
0.80,2,0
0.80,2,0
0.70,2,0
0.60,2,0
0.60,2,0
0.50,2,0
0.50,2,0
0.50,2,0
0.50,2,0
0.30,2,0
0.30,2,0
0.40,2,0
0.60,2,0
0.70,2,0
0.70,2,0
1.00,2,0
1.00,2,0
1.00,2,0
1.00,2,0
0.90,2,0
0.90,2,0
0.90,2,0
0.90,2,0
0.90,2,0
0.90,2,0
0.90,2,0
0.90,2,0
0.90,2,0
0.60,3,0
0.30,3,0
0.30,3,0
0.30,3,0
0.40,3,0
0.60,3,0
0.70,3,0
0.70,3,0
0.80,3,0
0.80,3,0
0.70,3,0
0.70,3,0
0.60,3,0
0.70,3,0
0.60,3,0
0.60,3,0
0.50,3,0
0.50,3,0
0.50,3,0
0.50,3,0
0.80,3,0
0.90,3,0
1.00,3,0
1.10,3,0
1.10,3,0
1.10,3,0
1.10,3,0
1.10,3,0
1.00,3,0
1.00,3,0
1.00,3,0
0.90,3,0
0.90,3,0
0.90,3,0
0.90,3,0
0.80,3,0
0.80,3,0
0.70,3,0
0.70,3,0
0.60,3,0
0.70,3,0
0.90,3,0
1.10,3,0
1.10,3,0
1.20,3,0
1.10,3,0
1.20,3,0
1.20,3,0
1.20,3,0
1.10,3,0
1.10,3,0
1.10,3,0
0.00,3,0
1.10,3,0
1.10,3,0
1.10,3,0
1.00,3,0
1.00,3,0
1.00,3,0
0.90,3,0
0.90,3,0
0.90,3,0
0.90,3,0
1.00,3,0
1.00,3,0
1.10,3,0
1.20,3,0
1.30,3,0
1.30,3,0
1.30,3,0
1.30,3,0
1.20,3,0
1.20,3,0
1.20,3,0
1.10,3,0
1.20,3,0
1.20,3,0
1.00,3,0
0.90,3,0
0.80,3,0
0.80,3,0
0.80,3,0
0.70,3,0
0.60,3,0
0.50,3,0
0.60,3,0
0.60,3,0
0.70,3,0
0.80,3,0
0.80,3,0
0.90,3,0
1.10,3,0
1.10,3,0
1.00,3,0
1.00,3,0
1.00,3,0
1.00,3,0
1.00,3,0
1.00,3,0
1.00,3,0
1.00,3,0
1.00,3,0
1.00,3,0
1.00,3,0
0.90,3,0
0.90,3,0
0.80,3,0
0.80,3,0
0.90,3,0
0.90,3,0
0.90,3,0
1.10,3,0
1.10,3,0
1.20,3,0
1.20,3,0
1.20,3,0
1.20,3,0
1.20,3,0
1.10,3,0
1.10,3,0
1.10,3,0
1.10,3,0
1.10,3,0
1.10,3,0
1.10,3,0
1.00,3,0
1.00,3,0
0.90,3,0
1.00,3,0
1.00,3,0
1.00,3,0
1.10,3,0
1.10,3,0
1.10,3,0
1.10,3,0
1.20,3,0
1.20,3,0
1.50,3,0
1.30,3,0
1.00,3,0
0.90,3,0
0.80,3,0
0.80,3,0
0.80,3,0
0.90,3,0
0.90,3,0
0.90,3,0
1.00,3,0
0.90,3,0
0.80,3,0
0.60,3,0
0.50,3,0
0.50,3,0
0.60,3,0
0.60,3,0
0.70,3,0
0.80,3,0
1.00,3,0
0.90,3,0
1.00,3,0
1.00,3,0
0.90,3,0
0.90,3,0
1.00,3,0
1.00,3,0
0.90,3,0
0.90,3,0
0.90,3,0
0.90,3,0
0.90,3,0
0.80,3,0
0.80,3,0
0.70,3,0
0.80,3,0
0.80,3,0
0.90,3,0
0.90,3,0
1.10,3,0
1.10,3,0
1.20,3,0
1.20,3,0
1.20,3,0
1.20,3,0
1.20,3,0
1.20,3,0
1.10,3,0
1.10,3,0
1.20,3,0
1.00,3,0
0.80,3,0
0.70,3,0
0.60,3,0
0.60,3,0
0.50,3,0
0.50,3,0
0.60,3,0
0.70,3,0
0.70,3,0
0.80,3,0
0.90,3,0
1.00,3,0
1.20,3,0
1.20,3,0
1.20,3,0
1.20,3,0
1.10,3,0
1.10,3,0
1.10,3,0
1.10,3,0
1.10,3,0
1.00,3,0
0.90,3,0
0.80,3,0
0.80,3,0
0.80,3,0
0.70,3,0
0.70,3,0
0.70,3,0
0.80,3,0
0.90,3,0
0.90,3,0
1.00,3,0
1.10,3,0
1.20,3,0
1.00,3,0
0.80,3,0
0.70,3,0
0.70,3,0
0.70,3,0
0.70,3,0
0.70,3,0
0.70,3,0
0.70,3,0
0.70,3,0
0.70,3,0
0.70,3,0
0.70,3,0
0.60,3,0
0.60,3,0
0.70,3,0
0.80,3,0
0.90,3,0
1.00,3,0
1.00,3,0
1.10,3,0
1.00,3,0
1.00,3,0
1.00,3,0
1.00,3,0
1.00,3,0
1.00,3,0
1.00,3,0
1.00,3,0
0.90,3,0
0.90,3,0
0.90,3,0
0.90,3,0
0.80,3,0
0.80,3,0
0.80,3,0
0.90,3,0
0.70,3,0
0.90,3,0
1.00,3,0
1.10,3,0
1.10,3,0
1.10,3,0
1.10,3,0
1.00,3,0
1.00,3,0
1.00,3,0
1.00,3,0
1.00,3,0
1.00,3,0
1.00,3,0
1.00,3,0
1.00,3,0
1.00,3,0
1.00,3,0
0.90,3,0
0.90,3,0
0.80,3,0
0.90,3,0
1.00,3,0
1.00,3,0
1.20,3,0
1.30,3,0
1.40,3,0
1.40,3,0
1.40,3,0
1.40,3,0
1.40,3,0
1.40,3,0
1.40,3,0
1.40,3,0
0.00,3,0
1.40,3,0
1.40,3,0
1.30,3,0
1.30,3,0
1.30,3,0
1.20,3,0
1.20,3,0
1.10,3,0
1.00,3,0
1.00,3,0
1.10,3,0
1.10,3,0
1.10,3,0
0.00,3,0
1.20,3,0
1.30,3,0
1.40,3,0
1.50,3,0
1.50,3,0
1.50,3,0
1.40,3,0
1.40,3,0
1.40,3,0
1.40,3,0
1.40,3,0
1.30,3,0
1.30,3,0
1.30,3,0
1.30,3,0
1.40,3,0
1.40,3,0
1.30,3,0
1.30,3,0
1.20,3,0
1.30,3,0
1.30,3,0
1.40,3,0
1.30,3,0
1.60,3,0
1.60,3,0
1.60,3,0
1.50,3,0
1.40,3,0
1.20,3,0
1.20,3,0
1.20,3,0
1.30,3,0
1.30,3,0
1.30,3,0
1.30,3,0
1.30,3,0
1.30,3,0
1.20,3,0
1.10,3,0
1.10,3,0
1.30,3,0
1.30,3,0
1.10,3,0
1.10,3,0
1.20,3,0
1.30,3,0
1.00,3,0
0.90,3,0
0.90,3,0
0.90,3,0
0.90,3,0
0.90,3,0
0.90,3,0
0.80,3,0
0.80,3,0
0.80,3,0
0.80,3,0
0.80,3,0
0.80,3,0
0.70,3,0
0.00,3,0
0.60,3,0
0.60,3,0
0.60,3,0
0.80,3,0
0.70,3,0
1.00,3,0
1.20,3,0
1.20,3,0
1.40,3,0
1.40,3,0
1.40,3,0
1.40,3,0
1.30,3,0
1.20,3,0
1.40,3,0
1.20,3,0
1.00,3,0
0.90,3,0
0.80,3,0
0.80,3,0
0.80,3,0
0.70,3,0
0.70,3,0
0.60,3,0
0.50,3,0
0.50,3,0
0.70,3,0
0.80,3,0
0.80,3,0
0.80,3,0
0.90,3,0
1.00,3,0
1.10,3,0
1.10,3,0
1.10,3,0
1.20,3,0
1.20,3,0
1.20,3,0
1.20,3,0
1.10,3,0
1.10,3,0
1.10,3,0
0.90,3,0
0.90,3,0
0.90,3,0
0.90,3,0
1.00,3,0
0.90,3,0
1.10,3,0
1.10,3,0
1.20,3,0
1.20,3,0
1.50,3,0
1.50,3,0
1.40,3,0
1.40,3,0
1.30,3,0
1.30,3,0
1.30,3,0
1.30,3,0
1.20,3,0
1.20,3,0
1.20,3,0
1.20,3,0
1.10,3,0
1.10,3,0
1.10,3,0
1.10,3,0
1.10,3,0
1.10,3,0
1.10,3,0
1.10,3,0
1.10,3,0
1.30,3,0
1.40,3,0
1.40,3,0
1.40,3,0
1.40,3,0
1.40,3,0
1.30,3,0
1.30,3,0
1.30,3,0
1.20,3,0
1.20,3,0
1.10,3,0
1.10,3,0
1.20,3,0
1.20,3,0
1.10,3,0
1.10,3,0
1.10,3,0
1.20,3,0
1.10,3,0
1.30,3,0
1.40,3,0
1.20,3,0
1.10,3,0
1.10,3,0
1.10,3,0
1.10,3,0
1.10,3,0
1.00,3,0
1.00,3,0
1.00,3,0
0.90,3,0
0.90,3,0
0.90,3,0
0.90,3,0
0.90,3,0
0.80,3,0
0.80,3,0
0.90,3,0
0.90,3,0
1.00,3,0
1.00,3,0
1.10,3,0
1.30,3,0
1.30,3,0
1.30,3,0
1.20,3,0
1.20,3,0
1.20,3,0
1.30,3,0
1.30,3,0
1.30,3,0
1.30,3,0
1.30,3,0
1.20,3,0
1.20,3,0
1.10,3,0
1.00,3,0
1.00,3,0
1.00,3,0
1.10,3,0
1.10,3,0
1.10,3,0
1.20,3,0
1.30,3,0
1.40,3,0
1.40,3,0
1.40,3,0
1.30,3,0
1.40,3,0
1.40,3,0
1.40,3,0
1.40,3,0
1.30,3,0
1.30,3,0
1.30,3,0
1.30,3,0
1.30,3,0
1.20,3,0
1.10,3,0
1.10,3,0
1.20,3,0
1.30,3,0
1.30,3,0
1.30,3,0
1.30,3,0
1.40,3,0
1.20,3,0
1.10,3,0
1.20,3,0
1.10,3,0
1.10,3,0
1.10,3,0
1.00,3,0
0.90,3,0
0.80,3,0
0.80,3,0
0.80,3,0
0.70,3,0
0.60,3,0
0.60,3,0
0.70,3,0
0.70,3,0
0.80,3,0
1.00,3,0
1.10,3,0
1.10,3,0
1.10,3,0
1.20,3,0
1.10,3,0
1.20,3,0
1.20,3,0
1.20,3,0
1.10,3,0
1.10,3,0
1.10,3,0
1.10,3,0
1.10,3,0
1.10,3,0
1.00,3,0
1.00,3,0
0.90,3,0
1.00,3,0
1.10,3,0
1.20,3,0
1.20,3,0
1.00,3,0
0.80,3,0
0.70,3,0
0.60,3,0
0.60,3,0
0.50,3,0
0.50,3,0
0.50,3,0
0.50,3,0
0.50,3,0
0.50,3,0
0.40,3,0
0.40,3,0
0.30,3,0
0.30,3,0
0.30,3,0
0.40,3,0
0.60,3,0
0.70,3,0
0.80,3,0
0.90,3,0
1.00,3,0
1.20,3,0
1.10,3,0
1.10,3,0
1.10,3,0
1.10,3,0
1.10,3,0
1.10,3,0
1.20,3,0
1.30,3,0
1.30,3,0
1.30,3,0
1.20,3,0
1.20,3,0
1.20,3,0
1.20,3,0
1.10,3,0
1.10,3,0
1.20,3,0
1.20,3,0
1.30,3,0
1.40,3,0
1.50,3,0
1.40,3,0
1.40,3,0
1.50,3,0
1.30,3,0
1.10,3,0
1.10,3,0
1.20,3,0
1.20,3,0
1.20,3,0
1.20,3,0
1.20,3,0
1.20,3,0
1.20,3,0
1.10,3,0
1.00,3,0
1.10,3,0
1.10,3,0
1.20,3,0
1.30,3,0
1.20,3,0
1.20,3,0
1.20,3,0
1.30,3,0
1.30,3,0
1.20,3,0
1.30,3,0
1.30,3,0
1.30,3,0
1.30,3,0
1.20,3,0
1.20,3,0
1.20,3,0
1.20,3,0
1.20,3,0
1.10,3,0
1.10,3,0
1.10,3,0
1.10,4,0
1.10,4,0
1.10,4,0
1.10,4,0
1.20,4,0
1.20,4,0
1.20,4,0
1.30,4,0
1.40,4,0
1.50,4,0
1.50,4,0
1.50,4,0
1.50,4,0
1.50,4,0
1.40,4,0
1.40,4,0
1.40,4,0
1.40,4,0
1.30,4,0
1.30,4,0
1.20,4,0
1.20,4,0
1.20,4,0
1.20,4,0
1.10,4,0
1.00,4,0
1.10,4,0
1.20,4,0
1.20,4,0
1.20,4,0
1.20,4,0
1.20,4,0
1.20,4,0
1.40,4,0
1.40,4,0
1.40,4,0
1.40,4,0
1.30,4,0
1.30,4,0
1.30,4,0
1.30,4,0
1.20,4,0
1.20,4,0
1.00,4,0
0.90,4,0
0.80,4,0
0.70,4,0
0.70,4,0
0.60,4,0
0.50,4,0
0.50,4,0
0.60,4,0
0.70,4,0
0.80,4,0
0.90,4,0
0.00,4,0
0.90,4,0
1.00,4,0
1.10,4,0
1.20,4,0
1.20,4,0
1.10,4,0
1.10,4,0
1.10,4,0
1.10,4,0
1.10,4,0
1.00,4,0
1.00,4,0
1.10,4,0
1.00,4,0
0.90,4,0
0.80,4,0
0.70,4,0
0.60,4,0
0.50,4,0
0.40,4,0
0.40,4,0
0.50,4,0
0.80,4,0
0.90,4,0
1.10,4,0
1.20,4,0
1.20,4,0
1.20,4,0
1.10,4,0
1.00,4,0
1.00,4,0
1.00,4,0
1.00,4,0
0.90,4,0
0.90,4,0
0.70,4,0
0.70,4,0
0.70,4,0
0.70,4,0
0.60,4,0
0.80,4,0
0.80,4,0
0.60,4,0
0.70,4,0
0.80,4,0
0.90,4,0
1.20,4,0
1.30,4,0
1.30,4,0
1.30,4,0
1.30,4,0
1.30,4,0
1.30,4,0
1.30,4,0
0.00,4,0
1.20,4,0
1.20,4,0
1.20,4,0
1.20,4,0
1.20,4,0
1.20,4,0
1.10,4,0
1.10,4,0
1.10,4,0
1.30,4,0
1.30,4,0
1.10,4,0
1.20,4,0
1.40,4,0
1.50,4,0
1.70,4,0
1.60,4,0
1.60,4,0
1.60,4,0
1.60,4,0
1.60,4,0
1.50,4,0
1.50,4,0
1.40,4,0
1.40,4,0
1.40,4,0
1.30,4,0
1.30,4,0
1.20,4,0
1.20,4,0
1.20,4,0
1.30,4,0
1.30,4,0
1.30,4,0
1.20,4,0
1.50,4,0
1.50,4,0
1.50,4,0
1.50,4,0
1.50,4,0
1.50,4,0
1.50,4,0
1.40,4,0
1.40,4,0
1.20,4,0
1.20,4,0
1.10,4,0
1.20,4,0
1.10,4,0
1.10,4,0
1.00,4,0
1.00,4,0
0.90,4,0
0.80,4,0
0.90,4,0
1.10,4,0
1.10,4,0
1.20,4,0
1.40,4,0
1.50,4,0
1.60,4,0
1.50,4,0
1.50,4,0
1.40,4,0
1.40,4,0
1.40,4,0
1.30,4,0
1.30,4,0
1.30,4,0
1.20,4,0
1.20,4,0
1.20,4,0
1.10,4,0
1.10,4,0
1.20,4,0
1.30,4,0
1.40,4,0
1.40,4,0
1.50,4,0
1.50,4,0
1.60,4,0
1.80,4,0
1.80,4,0
1.80,4,0
1.70,4,0
1.60,4,0
1.60,4,0
1.50,4,0
1.50,4,0
1.50,4,0
1.50,4,0
1.50,4,0
1.40,4,0
1.40,4,0
1.40,4,0
1.40,4,0
1.40,4,0
1.30,4,0
1.30,4,0
1.30,4,0
1.30,4,0
1.30,4,0
1.30,4,0
1.50,4,0
1.60,4,0
1.70,4,0
1.60,4,0
1.60,4,0
1.50,4,0
1.50,4,0
1.50,4,0
1.40,4,0
1.40,4,0
1.40,4,0
1.30,4,0
1.30,4,0
1.30,4,0
1.30,4,0
1.30,4,0
1.30,4,0
1.30,4,0
1.30,4,0
1.40,4,0
1.30,4,0
1.30,4,0
1.40,4,0
1.60,4,0
1.60,4,0
1.60,4,0
1.60,4,0
1.50,4,0
1.50,4,0
1.40,4,0
1.40,4,0
1.30,4,0
1.30,4,0
1.30,4,0
1.20,4,0
1.20,4,0
1.20,4,0
1.10,4,0
1.10,4,0
1.20,4,0
1.20,4,0
1.20,4,0
1.20,4,0
1.20,4,0
1.40,4,0
1.60,4,0
1.60,4,0
1.60,4,0
1.50,4,0
1.50,4,0
1.50,4,0
1.50,4,0
1.30,4,0
1.30,4,0
1.30,4,0
1.30,4,0
1.30,4,0
1.10,4,0
1.00,4,0
1.00,4,0
1.00,4,0
1.10,4,0
1.10,4,0
1.10,4,0
1.20,4,0
1.40,4,0
1.50,4,0
1.60,4,0
1.50,4,0
1.50,4,0
1.50,4,0
0.00,4,0
1.50,4,0
1.50,4,0
1.40,4,0
1.40,4,0
1.40,4,0
1.30,4,0
1.30,4,0
1.30,4,0
1.20,4,0
1.20,4,0
1.20,4,0
1.30,4,0
1.20,4,0
1.30,4,0
1.30,4,0
1.30,4,0
1.50,4,0
1.60,4,0
1.60,4,0
1.60,4,0
1.60,4,0
1.60,4,0
1.60,4,0
1.60,4,0
1.60,4,0
1.60,4,0
1.50,4,0
1.50,4,0
1.50,4,0
1.40,4,0
1.40,4,0
1.40,4,0
1.30,4,0
1.30,4,0
1.40,4,0
1.40,4,0
1.30,4,0
1.40,4,0
1.40,4,0
1.50,4,0
1.50,4,0
1.60,4,0
1.70,4,0
1.70,4,0
1.70,4,0
1.60,4,0
1.60,4,0
1.60,4,0
1.60,4,0
1.60,4,0
1.50,4,0
1.50,4,0
1.40,4,0
1.40,4,0
1.40,4,0
1.40,4,0
1.30,4,0
1.30,4,0
1.30,4,0
1.40,4,0
1.40,4,0
1.30,4,0
1.40,4,0
1.50,4,0
1.50,4,0
1.60,4,0
1.60,4,0
1.60,4,0
1.60,4,0
1.50,4,0
1.50,4,0
1.60,4,0
1.50,4,0
1.50,4,0
1.40,4,0
1.40,4,0
1.40,4,0
1.30,4,0
1.20,4,0
1.20,4,0
1.30,4,0
1.30,4,0
1.40,4,0
1.50,4,0
1.60,4,0
1.70,4,0
1.70,4,0
1.70,4,0
1.60,4,0
1.50,4,0
1.50,4,0
1.50,4,0
1.50,4,0
1.40,4,0
1.30,4,0
1.30,4,0
1.20,4,0
1.20,4,0
1.20,4,0
1.10,4,0
1.10,4,0
1.30,4,0
1.30,4,0
1.50,4,0
1.60,4,0
1.70,4,0
1.80,4,0
1.80,4,0
1.70,4,0
1.70,4,0
1.60,4,0
1.50,4,0
1.40,4,0
1.40,4,0
1.40,4,0
1.30,4,0
1.20,4,0
1.20,4,0
1.20,4,0
1.20,4,0
1.10,4,0
1.20,4,0
1.20,4,0
1.50,4,0
1.60,4,0
1.70,4,0
1.70,4,0
1.70,4,0
1.60,4,0
1.60,4,0
1.50,4,0
1.50,4,0
1.40,4,0
1.30,4,0
1.30,4,0
1.20,4,0
1.20,4,0
1.10,4,0
1.30,4,0
1.30,4,0
1.30,4,0
1.60,4,0
1.60,4,0
1.70,4,0
1.70,4,0
1.70,4,0
1.60,4,0
1.60,4,0
1.60,4,0
1.60,4,0
1.50,4,0
1.50,4,0
1.40,4,0
1.40,4,0
1.40,4,0
1.40,4,0
1.40,4,0
1.30,4,0
1.20,4,0
1.20,4,0
1.30,4,0
1.30,4,0
1.30,4,0
1.50,4,0
1.70,4,0
1.70,4,0
1.60,4,0
1.40,4,0
1.20,4,0
1.00,4,0
1.00,4,0
1.00,4,0
1.00,4,0
1.10,4,0
1.10,4,0
1.00,4,0
1.10,4,0
1.00,4,0
0.90,4,0
0.80,4,0
0.50,4,0
0.50,4,0
0.50,4,0
0.50,4,0
0.50,4,0
0.50,4,0
0.60,4,0
0.70,4,0
0.70,4,0
0.60,4,0
0.50,4,0
0.50,4,0
0.40,4,0
0.50,4,0
0.50,4,0
0.50,4,0
0.50,4,0
0.40,4,0
0.40,4,0
0.30,4,0
0.20,4,0
0.20,4,0
0.50,4,0
0.60,4,0
0.60,4,0
0.60,4,0
0.70,4,0
0.70,4,0
0.70,4,0
0.60,4,0
0.60,4,0
0.60,4,0
0.60,4,0
0.60,4,0
0.60,4,0
0.60,4,0
0.50,4,0
0.50,4,0
0.50,4,0
0.50,4,0
0.60,4,0
0.60,4,0
0.60,4,0
0.50,4,0
0.50,4,0
0.50,4,0
0.50,4,0
0.40,4,0
0.40,4,0
0.40,4,0
0.40,4,0
0.40,4,0
0.40,4,0
0.50,4,0
0.50,4,0
0.40,4,0
0.50,4,0
0.50,4,0
0.40,4,0
0.40,4,0
0.40,4,0
0.40,4,0
0.30,4,0
0.50,4,0
0.70,4,0
0.60,4,0
0.50,4,0
0.60,4,0
0.70,4,0
0.80,4,0
0.80,4,0
0.80,4,0
0.80,4,0
0.70,4,0
0.70,4,0
0.60,4,0
0.60,4,0
0.60,4,0
0.60,4,0
0.60,4,0
0.00,4,0
0.60,4,0
0.50,4,0
0.50,4,0
0.50,4,0
0.60,4,0
0.60,4,0
0.80,4,0
0.80,4,0
0.90,4,0
1.10,4,0
1.00,4,0
1.20,4,0
1.40,4,0
1.30,4,0
1.20,4,0
1.20,4,0
1.20,4,0
1.20,4,0
1.10,4,0
1.10,4,0
1.00,4,0
0.80,4,0
0.80,4,0
0.80,4,0
0.80,4,0
0.70,4,0
0.70,4,0
0.70,4,0
0.80,4,0
0.80,4,0
0.80,4,0
1.00,4,0
1.20,4,0
1.20,4,0
1.20,4,0
1.40,4,0
1.40,4,0
1.30,4,0
1.40,4,0
1.20,4,0
0.90,4,0
0.80,4,0
0.70,4,0
0.70,4,0
0.60,4,0
0.60,4,0
0.50,4,0
0.50,4,0
0.50,4,0
0.40,4,0
0.50,4,0
0.50,4,0
0.70,4,0
0.90,4,0
1.10,4,0
1.40,4,0
1.40,4,0
1.40,4,0
1.40,4,0
1.40,4,0
1.40,4,0
1.30,4,0
1.30,4,0
1.30,4,0
1.20,4,0
1.20,4,0
1.20,4,0
1.30,5,0
1.30,5,0
1.30,5,0
1.40,5,0
1.40,5,0
1.50,5,0
1.40,5,0
1.50,5,0
1.60,5,0
1.50,5,0
1.70,5,0
1.70,5,0
1.70,5,0
1.70,5,0
1.60,5,0
1.60,5,0
1.60,5,0
1.50,5,0
1.50,5,0
1.50,5,0
1.40,5,0
1.40,5,0
1.40,5,0
1.40,5,0
1.30,5,0
1.30,5,0
1.30,5,0
1.20,5,0
1.20,5,0
1.30,5,0
1.20,5,0
1.30,5,0
1.50,5,0
1.60,5,0
1.80,5,0
1.80,5,0
1.70,5,0
1.70,5,0
1.60,5,0
1.50,5,0
1.50,5,0
1.50,5,0
1.50,5,0
1.40,5,0
1.40,5,0
1.40,5,0
1.40,5,0
1.30,5,0
1.20,5,0
1.20,5,0
1.20,5,0
1.30,5,0
1.40,5,0
1.50,5,0
1.70,5,0
1.60,5,0
1.50,5,0
1.50,5,0
1.40,5,0
1.40,5,0
1.40,5,0
1.30,5,0
1.30,5,0
1.30,5,0
1.30,5,0
1.30,5,0
1.20,5,0
1.20,5,0
1.10,5,0
1.40,5,0
1.60,5,0
1.70,5,0
1.60,5,0
1.70,5,0
1.60,5,0
1.60,5,0
1.50,5,0
1.50,5,0
1.50,5,0
1.40,5,0
1.40,5,0
1.40,5,0
1.40,5,0
1.30,5,0
1.30,5,0
1.30,5,0
1.40,5,0
1.50,5,0
1.40,5,0
1.20,5,0
1.30,5,0
1.50,5,0
1.50,5,0
1.60,5,0
1.60,5,0
1.50,5,0
1.50,5,0
1.40,5,0
1.40,5,0
1.40,5,0
1.40,5,0
1.40,5,0
1.40,5,0
1.40,5,0
1.40,5,0
1.40,5,0
1.40,5,0
1.40,5,0
1.30,5,0
1.40,5,0
1.40,5,0
1.50,5,0
1.50,5,0
1.40,5,0
1.40,5,0
1.60,5,0
1.60,5,0
1.70,5,0
1.70,5,0
1.70,5,0
1.70,5,0
1.60,5,0
1.60,5,0
1.60,5,0
1.50,5,0
1.50,5,0
1.50,5,0
1.40,5,0
1.50,5,0
1.50,5,0
1.40,5,0
1.50,5,0
1.50,5,0
1.50,5,0
1.50,5,0
1.60,5,0
1.70,5,0
1.80,5,0
1.80,5,0
1.70,5,0
1.70,5,0
1.60,5,0
1.60,5,0
1.50,5,0
1.50,5,0
1.50,5,0
1.50,5,0
1.50,5,0
1.50,5,0
1.50,5,0
1.50,5,0
1.40,5,0
1.40,5,0
1.40,5,0
1.30,5,0
1.40,5,0
1.50,5,0
1.50,5,0
1.60,5,0
1.70,5,0
1.70,5,0
1.60,5,0
1.50,5,0
1.50,5,0
1.40,5,0
1.50,5,0
1.50,5,0
1.50,5,0
1.50,5,0
1.50,5,0
1.50,5,0
1.40,5,0
1.50,5,0
1.50,5,0
1.40,5,0
1.50,5,0
1.50,5,0
1.70,5,0
1.80,5,0
1.80,5,0
1.60,5,0
1.50,5,0
1.50,5,0
1.40,5,0
1.40,5,0
1.30,5,0
1.30,5,0
1.30,5,0
1.30,5,0
1.40,5,0
1.40,5,0
1.50,5,0
1.60,5,0
1.60,5,0
1.60,5,0
1.60,5,0
1.60,5,0
1.80,5,0
1.80,5,0
1.70,5,0
1.70,5,0
1.70,5,0
1.60,5,0
1.60,5,0
1.60,5,0
1.60,5,0
1.50,5,0
1.50,5,0
1.50,5,0
1.50,5,0
1.40,5,0
1.40,5,0
1.50,5,0
1.50,5,0
1.50,5,0
1.30,5,0
1.50,5,0
1.50,5,0
1.50,5,0
1.70,5,0
1.70,5,0
1.70,5,0
1.60,5,0
1.60,5,0
1.60,5,0
1.50,5,0
1.50,5,0
1.60,5,0
1.60,5,0
1.60,5,0
1.60,5,0
1.60,5,0
1.60,5,0
1.60,5,0
1.60,5,0
1.50,5,0
1.40,5,0
1.40,5,0
1.40,5,0
1.60,5,0
1.60,5,0
1.60,5,0
1.70,5,0
1.80,5,0
1.90,5,0
1.80,5,0
1.80,5,0
1.80,5,0
1.70,5,0
1.60,5,0
1.60,5,0
1.60,5,0
1.60,5,0
1.50,5,0
1.40,5,0
1.50,5,0
1.60,5,0
1.60,5,0
1.50,5,0
1.60,5,0
1.60,5,0
1.80,5,0
1.70,5,0
1.60,5,0
1.60,5,0
1.50,5,0
1.50,5,0
1.50,5,0
1.40,5,0
1.40,5,0
1.40,5,0
1.40,5,0
1.50,5,0
1.50,5,0
1.50,5,0
1.40,5,0
1.50,5,0
1.40,5,0
1.50,5,0
1.50,5,0
1.60,5,0
1.70,5,0
1.90,5,0
1.90,5,0
1.80,5,0
1.70,5,0
1.70,5,0
1.60,5,0
1.60,5,0
1.50,5,0
1.50,5,0
1.50,5,0
1.40,5,0
1.40,5,0
1.40,5,0
1.40,5,0
1.40,5,0
1.40,5,0
1.30,5,0
1.30,5,0
1.50,5,0
1.60,5,0
1.60,5,0
1.80,5,0
1.80,5,0
1.80,5,0
1.70,5,0
1.70,5,0
1.60,5,0
1.60,5,0
1.50,5,0
1.40,5,0
1.40,5,0
1.30,5,0
1.30,5,0
1.30,5,0
1.30,5,0
1.30,5,0
1.20,5,0
1.30,5,0
1.40,5,0
1.50,5,0
1.50,5,0
1.40,5,0
1.50,5,0
1.50,5,0
1.60,5,0
1.50,5,0
1.40,5,0
1.30,5,0
1.30,5,0
1.30,5,0
1.30,5,0
1.30,5,0
1.20,5,0
1.20,5,0
1.10,5,0
0.00,5,0
1.10,5,0
1.10,5,0
1.10,5,0
1.20,5,0
1.20,5,0
1.20,5,0
1.30,5,0
1.50,5,0
1.50,5,0
1.50,5,0
1.40,5,0
1.40,5,0
1.30,5,0
1.30,5,0
1.20,5,0
1.20,5,0
1.20,5,0
1.20,5,0
1.10,5,0
1.10,5,0
1.10,5,0
1.10,5,0
1.00,5,0
1.00,5,0
1.00,5,0
1.10,5,0
1.30,5,0
1.10,5,0
1.00,5,0
1.20,5,0
1.30,5,0
1.40,5,0
1.40,5,0
1.30,5,0
1.30,5,0
1.30,5,0
1.30,5,0
1.20,5,0
1.00,5,0
0.90,5,0
0.80,5,0
0.90,5,0
0.90,5,0
0.80,5,0
0.80,5,0
0.80,5,0
0.70,5,0
0.70,5,0
0.80,5,0
0.90,5,0
0.90,5,0
1.00,5,0
1.10,5,0
1.20,5,0
1.30,5,0
1.30,5,0
1.30,5,0
1.30,5,0
1.20,5,0
1.10,5,0
1.10,5,0
1.10,5,0
1.10,5,0
1.00,5,0
1.00,5,0
1.00,5,0
1.00,5,0
1.00,5,0
1.00,5,0
1.00,5,0
1.00,5,0
1.00,5,0
1.00,5,0
0.90,5,0
0.90,5,0
1.10,5,0
1.20,5,0
1.20,5,0
1.40,5,0
1.60,5,0
1.50,5,0
1.40,5,0
1.40,5,0
1.30,5,0
1.30,5,0
1.30,5,0
1.40,5,0
1.40,5,0
1.30,5,0
1.30,5,0
1.20,5,0
1.10,5,0
1.10,5,0
1.10,5,0
1.10,5,0
1.10,5,0
1.30,5,0
1.40,5,0
1.40,5,0
1.50,5,0
1.60,5,0
1.50,5,0
1.40,5,0
1.40,5,0
1.30,5,0
1.30,5,0
1.20,5,0
1.30,5,0
1.30,5,0
1.20,5,0
1.10,5,0
1.10,5,0
1.20,5,0
1.20,5,0
1.30,5,0
1.30,5,0
1.40,5,0
1.50,5,0
1.60,5,0
1.60,5,0
1.50,5,0
1.40,5,0
1.30,5,0
1.30,5,0
1.20,5,0
1.20,5,0
1.10,5,0
1.10,5,0
1.10,5,0
1.10,5,0
1.10,5,0
1.30,5,0
1.40,5,0
1.50,5,0
1.50,5,0
1.40,5,0
1.40,5,0
1.40,5,0
1.50,5,0
1.50,5,0
1.40,5,0
1.30,5,0
1.10,5,0
1.00,5,0
0.90,5,0
0.80,5,0
0.70,5,0
0.70,5,0
0.70,5,0
0.70,5,0
0.70,5,0
0.60,5,0
0.60,5,0
0.60,5,0
0.50,5,0
0.50,5,0
0.60,5,0
0.50,5,0
0.80,5,0
1.10,5,0
1.20,5,0
1.20,5,0
1.10,5,0
1.10,5,0
1.10,5,0
1.00,5,0
1.00,5,0
1.00,5,0
1.00,5,0
1.00,5,0
1.00,5,0
1.00,5,0
1.00,5,0
0.80,5,0
0.70,5,0
0.60,5,0
0.70,5,0
0.60,5,0
0.80,5,0
0.80,5,0
0.80,5,0
0.80,5,0
0.90,5,0
0.90,5,0
0.90,5,0
0.90,5,0
0.80,5,0
0.80,5,0
0.80,5,0
0.70,5,0
0.70,5,0
0.70,5,0
0.70,5,0
0.70,5,0
0.60,5,0
0.70,5,0
0.80,5,0
0.80,5,0
0.70,5,0
0.90,5,0
1.00,5,0
1.20,5,0
1.30,5,0
1.30,5,0
1.00,5,0
1.30,5,0
1.30,5,0
1.30,5,0
1.30,5,0
1.30,5,0
1.30,5,0
1.30,5,0
1.20,5,0
1.10,5,0
1.20,5,0
1.20,5,0
1.30,5,0
1.20,5,0
1.40,5,0
1.40,5,0
1.50,5,0
1.60,5,0
1.60,5,0
1.50,5,0
1.40,5,0
1.40,5,0
1.30,5,0
1.30,5,0
1.30,5,0
1.20,5,0
1.20,5,0
1.20,5,0
1.10,5,0
1.10,5,0
1.10,5,0
1.20,5,0
1.20,5,0
1.20,5,0
1.30,5,0
1.30,5,0
1.30,5,0
1.40,5,0
1.40,5,0
1.40,5,0
1.40,5,0
1.40,5,0
1.30,5,0
1.30,5,0
1.30,5,0
1.30,5,0
1.20,5,0
1.20,5,0
1.10,5,0
1.10,5,0
1.00,5,0
1.00,5,0
0.90,5,0
0.90,5,0
1.00,5,0
1.00,5,0
1.20,5,0
1.30,5,0
1.40,5,0
1.70,5,0
1.80,5,0
1.70,5,0
1.70,5,0
1.70,5,0
1.60,5,0
1.50,5,0
1.50,5,0
1.50,5,0
1.40,5,0
1.40,5,0
1.40,5,0
1.30,5,0
1.20,5,0
1.20,5,0
1.20,5,0
1.20,5,0
1.20,5,0
1.40,5,0
1.50,5,0
1.50,5,0
1.60,5,0
1.50,5,0
1.50,5,0
1.40,5,0
1.30,5,0
1.30,5,0
1.30,5,0
1.30,5,0
1.30,5,0
1.30,5,0
1.40,5,0
1.40,5,0
1.40,5,0
0.90,6,0
0.90,6,0
1.00,6,0
1.00,6,0
1.10,6,0
1.30,6,0
1.30,6,0
1.40,6,0
1.40,6,0
1.50,6,0
1.60,6,0
1.70,6,0
1.70,6,0
1.70,6,0
1.70,6,0
1.70,6,0
1.60,6,0
1.60,6,0
1.50,6,0
1.40,6,0
1.40,6,0
1.30,6,0
1.30,6,0
1.30,6,0
1.20,6,0
1.20,6,0
1.20,6,0
1.20,6,0
1.20,6,0
1.30,6,0
1.30,6,0
1.50,6,0
1.60,6,0
1.50,6,0
1.50,6,0
1.50,6,0
1.40,6,0
1.40,6,0
1.30,6,0
1.30,6,0
1.30,6,0
1.30,6,0
1.20,6,0
1.20,6,0
1.10,6,0
1.10,6,0
1.10,6,0
1.20,6,0
1.20,6,0
1.20,6,0
1.30,6,0
1.40,6,0
1.40,6,0
1.50,6,0
1.40,6,0
1.40,6,0
1.40,6,0
1.30,6,0
1.30,6,0
1.30,6,0
1.20,6,0
1.10,6,0
1.10,6,0
1.10,6,0
1.00,6,0
1.00,6,0
1.10,6,0
1.10,6,0
1.10,6,0
1.10,6,0
1.30,6,0
1.40,6,0
1.50,6,0
1.60,6,0
1.50,6,0
1.40,6,0
1.40,6,0
1.30,6,0
1.30,6,0
1.30,6,0
1.20,6,0
1.20,6,0
1.20,6,0
1.20,6,0
1.10,6,0
1.10,6,0
1.10,6,0
1.00,6,0
1.00,6,0
1.20,6,0
1.20,6,0
1.30,6,0
1.40,6,0
1.50,6,0
1.50,6,0
1.40,6,0
1.40,6,0
1.30,6,0
1.30,6,0
0.00,6,0
1.30,6,0
1.20,6,0
1.20,6,0
1.20,6,0
1.10,6,0
1.10,6,0
1.00,6,0
0.90,6,0
0.90,6,0
0.80,6,0
0.90,6,0
1.10,6,0
1.20,6,0
1.20,6,0
1.30,6,0
1.50,6,0
1.50,6,0
1.40,6,0
1.40,6,0
1.30,6,0
1.30,6,0
1.30,6,0
1.20,6,0
1.20,6,0
1.20,6,0
1.20,6,0
1.10,6,0
1.10,6,0
1.00,6,0
1.00,6,0
1.10,6,0
1.00,6,0
1.00,6,0
1.20,6,0
1.30,6,0
1.30,6,0
1.40,6,0
1.50,6,0
1.50,6,0
1.50,6,0
1.40,6,0
1.40,6,0
1.30,6,0
1.40,6,0
1.40,6,0
1.40,6,0
1.40,6,0
1.40,6,0
1.20,6,0
1.20,6,0
1.10,6,0
1.20,6,0
1.40,6,0
1.50,6,0
1.60,6,0
1.70,6,0
1.60,6,0
1.60,6,0
1.60,6,0
1.50,6,0
1.50,6,0
1.50,6,0
1.40,6,0
1.40,6,0
1.30,6,0
1.30,6,0
1.20,6,0
1.20,6,0
1.10,6,0
1.10,6,0
1.20,6,0
1.40,6,0
1.50,6,0
1.50,6,0
1.60,6,0
1.60,6,0
1.50,6,0
1.40,6,0
1.40,6,0
1.50,6,0
1.40,6,0
1.40,6,0
1.40,6,0
1.40,6,0
1.40,6,0
1.40,6,0
1.30,6,0
1.20,6,0
1.30,6,0
1.40,6,0
1.40,6,0
1.40,6,0
1.50,6,0
1.50,6,0
1.70,6,0
1.70,6,0
1.60,6,0
1.60,6,0
1.50,6,0
1.50,6,0
1.40,6,0
1.40,6,0
1.40,6,0
1.40,6,0
1.40,6,0
1.40,6,0
1.40,6,0
1.40,6,0
1.50,6,0
1.50,6,0
1.50,6,0
1.40,6,0
1.40,6,0
1.50,6,0
1.60,6,0
1.70,6,0
1.80,6,0
1.80,6,0
1.80,6,0
1.70,6,0
1.70,6,0
1.70,6,0
1.70,6,0
1.60,6,0
1.60,6,0
1.50,6,0
1.50,6,0
1.50,6,0
1.40,6,0
1.40,6,0
1.40,6,0
1.50,6,0
1.50,6,0
1.50,6,0
1.50,6,0
1.50,6,0
1.60,6,0
1.60,6,0
1.70,6,0
1.70,6,0
1.70,6,0
1.60,6,0
1.60,6,0
1.60,6,0
1.50,6,0
1.50,6,0
1.50,6,0
1.50,6,0
1.40,6,0
1.40,6,0
1.40,6,0
1.40,6,0
1.40,6,0
1.40,6,0
1.40,6,0
1.50,6,0
1.50,6,0
1.50,6,0
1.50,6,0
1.70,6,0
1.80,6,0
1.80,6,0
1.80,6,0
1.70,6,0
1.70,6,0
1.60,6,0
1.60,6,0
1.50,6,0
1.40,6,0
1.40,6,0
1.40,6,0
1.40,6,0
1.30,6,0
1.30,6,0
1.30,6,0
1.30,6,0
1.40,6,0
1.40,6,0
1.40,6,0
1.60,6,0
1.50,6,0
1.70,6,0
1.80,6,0
1.90,6,0
1.80,6,0
1.70,6,0
1.70,6,0
1.70,6,0
1.60,6,0
1.60,6,0
1.50,6,0
1.60,6,0
1.60,6,0
1.50,6,0
1.50,6,0
1.60,6,0
1.50,6,0
1.60,6,0
1.60,6,0
1.70,6,0
1.60,6,0
1.70,6,0
1.70,6,0
1.50,6,0
1.30,6,0
1.30,6,0
1.40,6,0
1.40,6,0
1.40,6,0
1.40,6,0
1.30,6,0
1.30,6,0
1.30,6,0
1.30,6,0
1.20,6,0
1.20,6,0
1.20,6,0
1.30,6,0
1.40,6,0
1.50,6,0
1.50,6,0
1.60,6,0
1.60,6,0
1.70,6,0
1.70,6,0
1.80,6,0
1.70,6,0
1.60,6,0
1.60,6,0
1.60,6,0
1.60,6,0
1.60,6,0
1.60,6,0
1.50,6,0
1.50,6,0
1.50,6,0
1.40,6,0
1.40,6,0
1.50,6,0
1.50,6,0
1.50,6,0
1.60,6,0
1.60,6,0
1.60,6,0
1.70,6,0
1.70,6,0
1.80,6,0
1.80,6,0
1.80,6,0
1.80,6,0
1.80,6,0
1.70,6,0
1.70,6,0
1.60,6,0
1.40,6,0
1.50,6,0
1.60,6,0
1.70,6,0
1.70,6,0
1.70,6,0
1.70,6,0
1.80,6,0
1.90,6,0
2.00,6,0
1.90,6,0
1.80,6,0
1.70,6,0
1.70,6,0
1.70,6,0
1.70,6,0
1.70,6,0
1.70,6,0
1.70,6,0
1.70,6,0
1.70,6,0
1.70,6,0
1.70,6,0
1.60,6,0
1.60,6,0
1.70,6,0
1.60,6,0
1.80,6,0
1.90,6,0
1.90,6,0
1.90,6,0
1.80,6,0
1.80,6,0
1.70,6,0
1.70,6,0
1.70,6,0
1.60,6,0
1.60,6,0
1.60,6,0
1.60,6,0
1.60,6,0
1.60,6,0
1.60,6,0
1.60,6,0
1.60,6,0
1.60,6,0
1.70,6,0
1.70,6,0
1.80,6,0
1.80,6,0
1.80,6,0
1.90,6,0
1.90,6,0
1.90,6,0
1.80,6,0
1.70,6,0
1.70,6,0
1.60,6,0
1.60,6,0
1.60,6,0
1.60,6,0
1.40,6,0
1.40,6,0
1.40,6,0
1.40,6,0
1.40,6,0
1.30,6,0
1.40,6,0
1.40,6,0
1.50,6,0
1.60,6,0
1.70,6,0
1.70,6,0
1.80,6,0
1.80,6,0
1.80,6,0
1.80,6,0
1.70,6,0
1.60,6,0
1.60,6,0
1.60,6,0
1.50,6,0
1.50,6,0
1.50,6,0
1.40,6,0
1.40,6,0
1.40,6,0
1.30,6,0
1.30,6,0
1.40,6,0
1.40,6,0
1.40,6,0
1.50,6,0
1.50,6,0
1.50,6,0
1.60,6,0
1.70,6,0
1.60,6,0
1.50,6,0
1.50,6,0
1.50,6,0
1.40,6,0
1.40,6,0
1.40,6,0
1.40,6,0
1.40,6,0
1.40,6,0
1.40,6,0
1.40,6,0
1.50,6,0
1.60,6,0
1.70,6,0
1.70,6,0
1.70,6,0
1.60,6,0
1.50,6,0
1.50,6,0
1.50,6,0
1.50,6,0
1.50,6,0
1.40,6,0
1.40,6,0
1.40,6,0
1.40,6,0
1.50,6,0
1.50,6,0
1.60,6,0
1.60,6,0
1.60,6,0
1.50,6,0
1.50,6,0
1.50,6,0
1.50,6,0
1.60,6,0
1.40,6,0
1.40,6,0
1.30,6,0
1.20,6,0
1.20,6,0
1.20,6,0
1.30,6,0
1.10,6,0
1.00,6,0
0.90,6,0
0.80,6,0
0.80,6,0
0.80,6,0
0.70,6,0
0.70,6,0
0.70,6,0
0.60,6,0
0.60,6,0
0.70,6,0
0.80,6,0
0.90,6,0
0.90,6,0
0.90,6,0
0.90,6,0
0.80,6,0
0.90,6,0
0.90,6,0
0.90,6,0
0.80,6,0
0.90,6,0
0.90,6,0
0.90,6,0
0.80,6,0
0.80,6,0
0.80,6,0
0.80,6,0
0.90,6,0
1.10,6,0
1.10,6,0
1.20,6,0
1.20,6,0
1.20,6,0
1.30,6,0
0.90,6,0
0.80,6,0
0.80,6,0
0.80,6,0
0.70,6,0
0.70,6,0
0.70,6,0
0.70,6,0
0.70,6,0
0.60,6,0
0.60,6,0
0.50,6,0
0.60,6,0
0.60,6,0
0.60,6,0
0.70,6,0
0.90,6,0
1.00,6,0
0.80,6,0
1.00,6,0
1.20,6,0
1.20,6,0
1.10,6,0
1.10,6,0
1.00,6,0
1.00,6,0
1.10,6,0
1.10,6,0
1.10,6,0
1.10,6,0
1.10,6,0
1.10,6,0
1.00,6,0
1.00,6,0
0.90,6,0
0.90,6,0
1.00,6,0
1.10,6,0
1.20,6,0
1.30,6,0
1.30,6,0
1.30,6,0
1.40,6,0
1.30,6,0
1.30,6,0
1.20,6,0
1.20,6,0
1.10,6,0
1.10,6,0
1.10,6,0
1.00,6,0
1.00,6,0
1.00,6,0
1.00,6,0
1.00,6,0
1.00,6,0
1.00,6,0
0.80,6,0
0.90,6,0
0.90,6,0
1.00,6,0
1.10,6,0
1.30,6,0
1.40,6,0
1.50,6,0
1.60,6,0
1.60,6,0
1.50,6,0
1.40,6,0
1.30,6,0
1.20,6,0
1.20,6,0
1.10,6,0
0.90,6,0
0.90,6,0
0.90,6,0
1.00,6,0
1.20,7,0
1.10,7,0
1.10,7,0
1.20,7,0
1.30,7,0
1.30,7,0
1.40,7,0
1.40,7,0
1.60,7,0
1.70,7,0
1.80,7,0
1.80,7,0
1.70,7,0
1.60,7,0
1.60,7,0
1.60,7,0
1.50,7,0
1.50,7,0
1.50,7,0
1.50,7,0
1.50,7,0
1.40,7,0
1.40,7,0
1.30,7,0
1.30,7,0
1.40,7,0
1.50,7,0
1.40,7,0
1.50,7,0
1.60,7,0
1.70,7,0
1.80,7,0
1.80,7,0
1.80,7,0
1.70,7,0
1.60,7,0
1.50,7,0
1.50,7,0
1.50,7,0
1.50,7,0
1.40,7,0
1.40,7,0
1.30,7,0
1.30,7,0
1.30,7,0
1.30,7,0
1.40,7,0
1.60,7,0
1.60,7,0
1.60,7,0
1.70,7,0
1.80,7,0
1.70,7,0
1.70,7,0
1.70,7,0
1.70,7,0
1.70,7,0
1.70,7,0
1.70,7,0
1.60,7,0
1.50,7,0
1.60,7,0
1.60,7,0
1.60,7,0
1.60,7,0
1.50,7,0
1.40,7,0
1.50,7,0
1.50,7,0
1.60,7,0
1.60,7,0
1.60,7,0
1.70,7,0
1.80,7,0
1.90,7,0
1.90,7,0
1.90,7,0
1.90,7,0
1.90,7,0
1.80,7,0
1.70,7,0
1.80,7,0
1.80,7,0
1.80,7,0
1.80,7,0
1.90,7,0
1.80,7,0
1.80,7,0
1.80,7,0
1.80,7,0
1.60,7,0
1.70,7,0
1.70,7,0
1.80,7,0
1.80,7,0
1.80,7,0
1.90,7,0
1.90,7,0
1.90,7,0
1.90,7,0
1.90,7,0
1.80,7,0
1.70,7,0
1.70,7,0
1.60,7,0
1.60,7,0
1.50,7,0
1.50,7,0
1.60,7,0
1.60,7,0
1.60,7,0
1.70,7,0
1.80,7,0
1.90,7,0
1.90,7,0
1.90,7,0
1.90,7,0
1.80,7,0
1.80,7,0
1.90,7,0
1.80,7,0
1.80,7,0
1.80,7,0
1.70,7,0
1.70,7,0
1.60,7,0
1.60,7,0
1.60,7,0
1.60,7,0
1.50,7,0
1.60,7,0
1.60,7,0
1.70,7,0
1.60,7,0
1.70,7,0
1.70,7,0
1.70,7,0
1.80,7,0
1.90,7,0
1.90,7,0
1.90,7,0
1.90,7,0
1.90,7,0
1.90,7,0
1.90,7,0
1.90,7,0
2.00,7,0
1.90,7,0
1.90,7,0
1.90,7,0
1.90,7,0
1.90,7,0
1.90,7,0
1.90,7,0
1.80,7,0
1.70,7,0
1.70,7,0
1.80,7,0
1.90,7,0
2.10,7,0
2.10,7,0
2.10,7,0
2.10,7,0
2.00,7,0
2.00,7,0
1.90,7,0
1.90,7,0
1.90,7,0
1.90,7,0
1.90,7,0
1.80,7,0
1.70,7,0
1.80,7,0
1.70,7,0
1.80,7,0
1.90,7,0
2.00,7,0
2.10,7,0
2.10,7,0
2.10,7,0
2.10,7,0
2.10,7,0
2.20,7,0
2.20,7,0
2.10,7,0
2.00,7,0
1.90,7,0
1.90,7,0
1.90,7,0
1.80,7,0
1.70,7,0
1.70,7,0
1.70,7,0
1.80,7,0
1.80,7,0
1.80,7,0
1.90,7,0
1.90,7,0
2.00,7,0
2.10,7,0
2.10,7,0
2.10,7,0
2.10,7,0
2.00,7,0
2.00,7,0
2.00,7,0
2.00,7,0
2.00,7,0
2.00,7,0
2.10,7,0
2.20,7,0
2.20,7,0
2.10,7,0
1.90,7,0
2.00,7,0
1.90,7,0
2.00,7,0
1.90,7,0
1.90,7,0
2.00,7,0
2.00,7,0
2.10,7,0
2.00,7,0
2.00,7,0
2.10,7,0
2.00,7,0
2.00,7,0
2.10,7,0
2.00,7,0
2.00,7,0
2.10,7,0
2.20,7,0
2.20,7,0
2.10,7,0
2.00,7,0
1.90,7,0
1.80,7,0
1.80,7,0
1.90,7,0
1.90,7,0
2.00,7,0
2.10,7,0
2.20,7,0
2.30,7,0
2.30,7,0
2.20,7,0
2.20,7,0
2.10,7,0
2.10,7,0
2.10,7,0
2.10,7,0
2.00,7,0
2.10,7,0
2.00,7,0
2.00,7,0
1.90,7,0
1.80,7,0
1.80,7,0
1.90,7,0
1.80,7,0
1.90,7,0
2.00,7,0
2.00,7,0
2.10,7,0
2.20,7,0
2.10,7,0
2.00,7,0
1.90,7,0
1.90,7,0
1.90,7,0
1.90,7,0
1.80,7,0
1.80,7,0
1.80,7,0
1.70,7,0
1.70,7,0
1.60,7,0
1.60,7,0
1.60,7,0
1.70,7,0
1.70,7,0
1.70,7,0
1.80,7,0
1.90,7,0
2.10,7,0
2.10,7,0
1.90,7,0
1.80,7,0
1.80,7,0
1.70,7,0
1.60,7,0
1.60,7,0
1.50,7,0
1.50,7,0
1.40,7,0
1.40,7,0
1.40,7,0
1.30,7,0
1.30,7,0
1.30,7,0
1.40,7,0
1.40,7,0
1.50,7,0
1.60,7,0
1.60,7,0
1.70,7,0
1.90,7,0
1.90,7,0
1.80,7,0
1.70,7,0
1.70,7,0
1.60,7,0
1.50,7,0
1.50,7,0
1.50,7,0
1.40,7,0
1.40,7,0
1.40,7,0
1.40,7,0
1.40,7,0
1.50,7,0
1.50,7,0
1.50,7,0
1.50,7,0
1.40,7,0
1.40,7,0
1.60,7,0
1.60,7,0
1.70,7,0
1.80,7,0
1.90,7,0
1.90,7,0
1.60,7,0
1.50,7,0
1.40,7,0
1.40,7,0
1.40,7,0
1.30,7,0
1.30,7,0
1.30,7,0
1.40,7,0
1.30,7,0
1.30,7,0
1.50,7,0
1.50,7,0
1.60,7,0
1.70,7,0
1.80,7,0
2.00,7,0
1.90,7,0
1.80,7,0
1.80,7,0
1.70,7,0
1.70,7,0
1.60,7,0
1.60,7,0
1.60,7,0
1.60,7,0
1.50,7,0
1.50,7,0
1.60,7,0
1.60,7,0
1.50,7,0
1.60,7,0
1.80,7,0
1.90,7,0
1.80,7,0
1.80,7,0
1.70,7,0
1.70,7,0
1.60,7,0
1.60,7,0
1.50,7,0
1.50,7,0
1.50,7,0
1.60,7,0
1.60,7,0
1.60,7,0
1.60,7,0
1.60,7,0
1.50,7,0
1.40,7,0
1.30,7,0
1.30,7,0
1.40,7,0
1.60,7,0
1.60,7,0
1.70,7,0
1.70,7,0
1.80,7,0
1.80,7,0
1.80,7,0
1.80,7,0
1.70,7,0
1.70,7,0
1.70,7,0
1.70,7,0
1.70,7,0
1.70,7,0
1.70,7,0
1.60,7,0
1.70,7,0
1.60,7,0
1.50,7,0
1.40,7,0
1.40,7,0
1.50,7,0
1.60,7,0
1.60,7,0
1.60,7,0
1.70,7,0
1.90,7,0
1.90,7,0
1.80,7,0
1.80,7,0
1.80,7,0
1.80,7,0
1.70,7,0
1.70,7,0
1.70,7,0
1.70,7,0
1.60,7,0
1.60,7,0
1.50,7,0
1.40,7,0
1.40,7,0
1.40,7,0
1.40,7,0
1.40,7,0
1.50,7,0
1.70,7,0
1.90,7,0
1.90,7,0
1.90,7,0
1.90,7,0
1.70,7,0
1.60,7,0
1.60,7,0
1.60,7,0
1.60,7,0
1.50,7,0
1.50,7,0
1.50,7,0
1.40,7,0
1.40,7,0
1.40,7,0
1.40,7,0
1.40,7,0
1.40,7,0
1.50,7,0
1.60,7,0
1.70,7,0
1.70,7,0
1.80,7,0
2.00,7,0
2.00,7,0
1.90,7,0
1.80,7,0
1.70,7,0
1.70,7,0
1.60,7,0
1.60,7,0
1.50,7,0
1.50,7,0
1.50,7,0
1.40,7,0
1.30,7,0
1.30,7,0
1.70,7,0
1.80,7,0
1.70,7,0
1.90,7,0
2.00,7,0
2.20,7,0
2.20,7,0
2.10,7,0
2.10,7,0
2.10,7,0
2.00,7,0
2.00,7,0
1.90,7,0
1.90,7,0
1.90,7,0
1.90,7,0
1.80,7,0
1.70,7,0
1.80,7,0
1.80,7,0
1.80,7,0
2.00,7,0
2.20,7,0
2.10,7,0
2.20,7,0
2.20,7,0
2.10,7,0
2.00,7,0
2.00,7,0
2.10,7,0
1.70,7,0
1.70,7,0
1.80,7,0
1.90,7,0
2.00,7,0
2.00,7,0
2.00,7,0
2.00,7,0
1.90,7,0
1.90,7,0
1.90,7,0
1.80,7,0
1.80,7,0
1.70,7,0
1.60,7,0
1.60,7,0
1.50,7,0
1.50,7,0
1.60,7,0
1.70,7,0
1.80,7,0
1.80,7,0
1.80,7,0
1.90,7,0
2.10,7,0
2.10,7,0
2.00,7,0
1.90,7,0
1.70,7,0
1.70,7,0
1.70,7,0
1.60,7,0
1.60,7,0
1.60,8,0
1.50,8,0
1.50,8,0
1.50,8,0
1.50,8,0
1.80,8,0
1.90,8,0
2.00,8,0
1.90,8,0
1.90,8,0
1.90,8,0
1.80,8,0
1.80,8,0
1.40,8,0
1.40,8,0
1.40,8,0
1.50,8,0
1.50,8,0
1.40,8,0
1.40,8,0
1.60,8,0
1.60,8,0
1.80,8,0
1.90,8,0
1.80,8,0
1.80,8,0
1.80,8,0
1.70,8,0
1.70,8,0
1.70,8,0
1.80,8,0
1.70,8,0
1.80,8,0
1.90,8,0
1.90,8,0
1.90,8,0
1.90,8,0
1.80,8,0
1.80,8,0
1.90,8,0
1.90,8,0
1.90,8,0
2.20,8,0
2.20,8,0
2.20,8,0
2.20,8,0
2.20,8,0
2.20,8,0
2.20,8,0
2.20,8,0
2.20,8,0
2.10,8,0
2.00,8,0
2.00,8,0
2.00,8,0
1.90,8,0
2.00,8,0
2.00,8,0
2.20,8,0
2.40,8,0
2.40,8,0
2.40,8,0
2.30,8,0
2.30,8,0
2.30,8,0
2.30,8,0
2.40,8,0
2.30,8,0
2.40,8,0
2.40,8,0
2.30,8,0
2.20,8,0
2.20,8,0
2.10,8,0
2.00,8,0
2.10,8,0
2.00,8,0
2.10,8,0
2.10,8,0
2.10,8,0
2.10,8,0
2.20,8,0
2.10,8,0
2.10,8,0
2.10,8,0
2.20,8,0
2.30,8,0
2.40,8,0
2.40,8,0
2.30,8,0
2.20,8,0
2.00,8,0
2.00,8,0
2.00,8,0
2.30,8,0
2.50,8,0
2.50,8,0
2.40,8,0
2.30,8,0
2.30,8,0
2.30,8,0
2.20,8,0
2.20,8,0
2.20,8,0
2.20,8,0
2.20,8,0
2.00,8,0
2.00,8,0
1.90,8,0
1.90,8,0
1.90,8,0
2.00,8,0
2.10,8,0
2.20,8,0
2.30,8,0
2.20,8,0
2.10,8,0
2.10,8,0
2.10,8,0
2.10,8,0
2.10,8,0
2.00,8,0
1.90,8,0
1.80,8,0
1.90,8,0
1.90,8,0
1.80,8,0
1.90,8,0
1.90,8,0
2.00,8,0
2.20,8,0
2.00,8,0
2.00,8,0
1.80,8,0
1.70,8,0
1.70,8,0
1.70,8,0
1.70,8,0
1.70,8,0
1.60,8,0
1.60,8,0
1.60,8,0
1.70,8,0
1.70,8,0
1.90,8,0
2.10,8,0
2.10,8,0
1.90,8,0
1.90,8,0
1.90,8,0
1.90,8,0
1.90,8,0
1.90,8,0
2.00,8,0
2.00,8,0
2.00,8,0
2.00,8,0
1.90,8,0
1.80,8,0
1.70,8,0
1.80,8,0
1.80,8,0
1.80,8,0
1.80,8,0
1.90,8,0
1.90,8,0
1.90,8,0
1.90,8,0
1.20,8,0
0.90,8,0
0.90,8,0
0.90,8,0
0.90,8,0
0.80,8,0
0.80,8,0
0.80,8,0
0.90,8,0
1.00,8,0
0.90,8,0
1.30,8,0
1.40,8,0
1.50,8,0
1.70,8,0
1.90,8,0
2.00,8,0
1.80,8,0
1.80,8,0
1.60,8,0
1.60,8,0
1.60,8,0
1.40,8,0
1.30,8,0
1.30,8,0
1.40,8,0
1.50,8,0
1.60,8,0
1.70,8,0
1.90,8,0
2.00,8,0
1.90,8,0
1.70,8,0
1.70,8,0
1.70,8,0
1.60,8,0
1.60,8,0
1.50,8,0
1.50,8,0
1.60,8,0
1.70,8,0
1.70,8,0
1.60,8,0
1.60,8,0
1.80,8,0
1.80,8,0
1.90,8,0
2.00,8,0
1.90,8,0
1.90,8,0
0.00,8,0
1.80,8,0
1.70,8,0
1.60,8,0
1.60,8,0
1.60,8,0
1.50,8,0
1.40,8,0
1.30,8,0
1.40,8,0
1.50,8,0
1.50,8,0
1.50,8,0
1.40,8,0
1.60,8,0
1.70,8,0
1.70,8,0
1.90,8,0
2.00,8,0
1.90,8,0
1.70,8,0
1.70,8,0
1.60,8,0
1.60,8,0
1.60,8,0
1.60,8,0
1.60,8,0
1.50,8,0
1.60,8,0
1.60,8,0
1.60,8,0
1.60,8,0
1.60,8,0
1.50,8,0
1.50,8,0
1.60,8,0
1.60,8,0
1.80,8,0
1.70,8,0
1.90,8,0
2.10,8,0
2.00,8,0
1.90,8,0
1.90,8,0
1.80,8,0
1.60,8,0
1.60,8,0
1.60,8,0
1.60,8,0
1.60,8,0
1.60,8,0
1.60,8,0
1.60,8,0
1.60,8,0
1.60,8,0
1.70,8,0
2.00,8,0
2.20,8,0
2.20,8,0
2.10,8,0
2.10,8,0
2.00,8,0
2.10,8,0
2.10,8,0
2.00,8,0
2.00,8,0
2.00,8,0
1.90,8,0
1.80,8,0
1.80,8,0
1.70,8,0
1.70,8,0
1.70,8,0
1.80,8,0
1.90,8,0
1.90,8,0
2.00,8,0
2.20,8,0
2.20,8,0
2.10,8,0
2.00,8,0
1.90,8,0
1.90,8,0
1.90,8,0
1.90,8,0
1.90,8,0
1.90,8,0
2.00,8,0
1.80,8,0
1.70,8,0
1.80,8,0
1.80,8,0
1.80,8,0
2.00,8,0
2.10,8,0
2.30,8,0
2.30,8,0
2.20,8,0
2.20,8,0
2.10,8,0
2.10,8,0
2.10,8,0
2.10,8,0
2.10,8,0
2.10,8,0
2.10,8,0
2.10,8,0
2.00,8,0
1.90,8,0
1.90,8,0
1.90,8,0
2.00,8,0
2.00,8,0
1.80,8,0
1.80,8,0
1.90,8,0
2.00,8,0
2.10,8,0
2.20,8,0
2.10,8,0
2.00,8,0
2.00,8,0
1.90,8,0
1.90,8,0
1.80,8,0
1.80,8,0
1.80,8,0
1.80,8,0
1.90,8,0
1.90,8,0
1.90,8,0
1.80,8,0
1.80,8,0
1.80,8,0
1.80,8,0
1.70,8,0
1.60,8,0
1.70,8,0
1.80,8,0
1.80,8,0
2.00,8,0
2.10,8,0
2.00,8,0
1.90,8,0
1.90,8,0
1.80,8,0
1.80,8,0
1.70,8,0
1.70,8,0
1.60,8,0
1.60,8,0
1.60,8,0
1.60,8,0
1.60,8,0
1.50,8,0
1.50,8,0
1.50,8,0
1.60,8,0
1.70,8,0
1.70,8,0
1.80,8,0
1.80,8,0
1.90,8,0
2.10,8,0
2.10,8,0
1.90,8,0
1.90,8,0
1.80,8,0
1.80,8,0
1.70,8,0
1.70,8,0
1.70,8,0
1.70,8,0
1.80,8,0
1.80,8,0
1.70,8,0
1.60,8,0
1.60,8,0
1.60,8,0
1.70,8,0
1.70,8,0
1.70,8,0
1.70,8,0
1.80,8,0
1.70,8,0
1.80,8,0
2.00,8,0
2.00,8,0
2.00,8,0
2.00,8,0
2.00,8,0
1.90,8,0
1.90,8,0
1.90,8,0
1.90,8,0
1.80,8,0
1.80,8,0
1.80,8,0
1.80,8,0
1.80,8,0
1.80,8,0
1.70,8,0
1.60,8,0
1.70,8,0
1.70,8,0
1.80,8,0
1.90,8,0
1.90,8,0
1.70,8,0
1.70,8,0
1.70,8,0
1.70,8,0
1.70,8,0
1.70,8,0
1.40,8,0
1.40,8,0
1.40,8,0
1.40,8,0
1.50,8,0
1.60,8,0
1.80,8,0
1.90,8,0
1.90,8,0
1.80,8,0
1.70,8,0
1.60,8,0
1.60,8,0
1.50,8,0
1.50,8,0
1.50,8,0
1.60,8,0
1.80,8,0
2.00,8,0
2.10,8,0
2.00,8,0
1.90,8,0
1.80,8,0
1.80,8,0
1.80,8,0
1.80,8,0
1.80,8,0
1.80,8,0
1.70,8,0
1.60,8,0
1.60,8,0
1.60,8,0
1.70,8,0
1.60,8,0
1.70,8,0
1.80,8,0
1.60,8,0
1.80,8,0
1.90,8,0
1.80,8,0
1.70,8,0
1.70,8,0
1.60,8,0
1.50,8,0
1.50,8,0
1.50,8,0
1.50,8,0
1.50,8,0
0.00,8,0
1.50,8,0
1.50,8,0
1.40,8,0
1.40,8,0
1.40,8,0
1.80,8,0
1.80,8,0
1.80,8,0
1.80,8,0
1.70,8,0
1.60,8,0
1.70,8,0
1.70,8,0
1.70,8,0
1.80,8,0
1.90,8,0
1.90,8,0
1.90,8,0
1.90,8,0
1.70,8,0
1.70,8,0
1.70,8,0
1.60,8,0
1.60,8,0
1.50,8,0
1.50,8,0
1.50,8,0
1.60,8,0
1.60,8,0
1.60,8,0
1.60,8,0
1.50,8,0
1.60,8,0
1.80,8,0
1.80,8,0
2.00,8,0
2.10,8,0
2.10,8,0
2.00,8,0
1.80,8,0
1.80,8,0
1.70,8,0
1.60,8,0
1.60,8,0
1.60,8,0
1.60,8,0
1.20,9,0
1.00,9,0
1.10,9,0
1.00,9,0
1.20,9,0
1.40,9,0
1.40,9,0
1.40,9,0
1.30,9,0
1.20,9,0
1.10,9,0
1.10,9,0
1.20,9,0
1.20,9,0
1.10,9,0
1.10,9,0
1.20,9,0
1.30,9,0
1.60,9,0
1.60,9,0
1.80,9,0
1.80,9,0
1.50,9,0
1.30,9,0
1.00,9,0
1.00,9,0
1.00,9,0
1.00,9,0
1.10,9,0
1.10,9,0
1.00,9,0
1.00,9,0
0.90,9,0
0.90,9,0
0.90,9,0
1.10,9,0
1.20,9,0
1.30,9,0
1.40,9,0
1.50,9,0
1.50,9,0
1.60,9,0
1.50,9,0
1.50,9,0
1.50,9,0
1.50,9,0
1.50,9,0
1.50,9,0
1.80,9,0
1.80,9,0
1.80,9,0
1.80,9,0
1.80,9,0
1.80,9,0
1.80,9,0
1.70,9,0
1.80,9,0
2.00,9,0
2.10,9,0
2.10,9,0
2.00,9,0
1.90,9,0
1.90,9,0
1.90,9,0
1.90,9,0
1.90,9,0
1.90,9,0
1.80,9,0
1.90,9,0
1.80,9,0
1.80,9,0
1.80,9,0
1.80,9,0
1.90,9,0
1.90,9,0
1.90,9,0
1.90,9,0
1.90,9,0
1.90,9,0
1.90,9,0
1.80,9,0
1.80,9,0
1.60,9,0
1.60,9,0
1.50,9,0
1.50,9,0
1.50,9,0
1.60,9,0
1.60,9,0
1.60,9,0
1.70,9,0
1.90,9,0
2.00,9,0
2.00,9,0
2.00,9,0
2.00,9,0
2.00,9,0
1.90,9,0
1.90,9,0
1.80,9,0
1.70,9,0
1.70,9,0
1.60,9,0
1.60,9,0
1.70,9,0
1.70,9,0
1.80,9,0
1.80,9,0
1.70,9,0
1.70,9,0
1.80,9,0
1.80,9,0
2.00,9,0
2.00,9,0
2.00,9,0
1.90,9,0
1.90,9,0
1.90,9,0
1.90,9,0
1.80,9,0
1.80,9,0
1.80,9,0
1.80,9,0
1.70,9,0
1.70,9,0
1.70,9,0
1.70,9,0
1.70,9,0
1.70,9,0
1.70,9,0
1.60,9,0
1.80,9,0
1.90,9,0
2.10,9,0
2.10,9,0
2.10,9,0
2.10,9,0
2.00,9,0
1.90,9,0
1.90,9,0
1.90,9,0
1.80,9,0
1.70,9,0
1.70,9,0
1.70,9,0
1.50,9,0
1.70,9,0
1.70,9,0
1.70,9,0
1.70,9,0
1.70,9,0
1.80,9,0
2.10,9,0
2.20,9,0
2.30,9,0
2.20,9,0
2.10,9,0
2.10,9,0
2.00,9,0
2.00,9,0
1.80,9,0
1.80,9,0
1.90,9,0
1.80,9,0
1.80,9,0
1.90,9,0
2.00,9,0
2.10,9,0
2.20,9,0
2.20,9,0
2.30,9,0
2.20,9,0
1.90,9,0
2.00,9,0
2.00,9,0
1.90,9,0
1.90,9,0
2.00,9,0
2.20,9,0
2.30,9,0
2.40,9,0
2.30,9,0
2.20,9,0
2.20,9,0
2.10,9,0
2.10,9,0
2.00,9,0
2.00,9,0
2.00,9,0
2.00,9,0
2.00,9,0
1.90,9,0
1.90,9,0
1.80,9,0
1.80,9,0
1.90,9,0
1.90,9,0
1.90,9,0
1.90,9,0
1.90,9,0
2.00,9,0
2.00,9,0
2.00,9,0
2.00,9,0
1.90,9,0
1.80,9,0
1.90,9,0
1.90,9,0
1.80,9,0
1.80,9,0
1.90,9,0
2.00,9,0
2.20,9,0
1.90,9,0
1.90,9,0
1.90,9,0
2.00,9,0
2.00,9,0
2.00,9,0
2.10,9,0
2.20,9,0
2.10,9,0
2.10,9,0
2.10,9,0
2.10,9,0
2.10,9,0
2.00,9,0
2.00,9,0
2.00,9,0
2.10,9,0
2.00,9,0
2.00,9,0
2.00,9,0
1.90,9,0
1.80,9,0
1.90,9,0
1.90,9,0
1.80,9,0
1.80,9,0
1.80,9,0
1.90,9,0
2.10,9,0
2.20,9,0
2.20,9,0
2.20,9,0
2.20,9,0
2.10,9,0
2.10,9,0
2.10,9,0
2.10,9,0
2.10,9,0
2.10,9,0
2.00,9,0
2.10,9,0
2.10,9,0
2.10,9,0
2.20,9,0
2.30,9,0
2.40,9,0
2.30,9,0
2.30,9,0
2.30,9,0
2.30,9,0
2.30,9,0
2.40,9,0
2.40,9,0
2.30,9,0
2.30,9,0
2.30,9,0
2.10,9,0
2.10,9,0
2.10,9,0
2.10,9,0
2.10,9,0
2.00,9,0
2.10,9,0
2.30,9,0
2.40,9,0
2.50,9,0
2.50,9,0
2.30,9,0
2.20,9,0
2.10,9,0
2.20,9,0
2.20,9,0
2.10,9,0
2.10,9,0
2.00,9,0
1.90,9,0
2.00,9,0
1.90,9,0
1.90,9,0
2.10,9,0
2.20,9,0
2.20,9,0
2.40,9,0
2.40,9,0
2.30,9,0
2.30,9,0
2.30,9,0
2.30,9,0
2.30,9,0
2.30,9,0
2.20,9,0
2.20,9,0
2.10,9,0
2.20,9,0
2.10,9,0
2.10,9,0
1.90,9,0
1.90,9,0
1.90,9,0
2.00,9,0
2.00,9,0
2.00,9,0
2.00,9,0
1.90,9,0
1.90,9,0
1.90,9,0
1.90,9,0
1.90,9,0
1.90,9,0
1.60,9,0
1.60,9,0
1.50,9,0
1.60,9,0
1.70,9,0
1.90,9,0
2.00,9,0
2.10,9,0
2.20,9,0
2.10,9,0
2.00,9,0
1.90,9,0
1.80,9,0
1.80,9,0
1.70,9,0
1.60,9,0
1.60,9,0
1.50,9,0
1.50,9,0
1.20,9,0
1.00,9,0
0.70,9,0
0.70,9,0
0.70,9,0
0.80,9,0
1.00,9,0
1.00,9,0
0.90,9,0
0.90,9,0
0.90,9,0
0.90,9,0
1.10,9,0
1.10,9,0
1.10,9,0
1.10,9,0
1.00,9,0
1.00,9,0
1.10,9,0
1.20,9,0
1.40,9,0
1.40,9,0
1.70,9,0
1.90,9,0
1.90,9,0
1.90,9,0
1.80,9,0
1.80,9,0
1.80,9,0
1.60,9,0
1.60,9,0
1.40,9,0
1.50,9,0
1.40,9,0
1.60,9,0
1.60,9,0
1.90,9,0
1.80,9,0
1.80,9,0
1.90,9,0
1.90,9,0
1.90,9,0
1.80,9,0
1.70,9,0
1.60,9,0
1.60,9,0
1.50,9,0
1.60,9,0
1.60,9,0
1.70,9,0
1.80,9,0
1.70,9,0
1.70,9,0
1.80,9,0
2.00,9,0
2.10,9,0
2.00,9,0
2.00,9,0
1.90,9,0
2.00,9,0
2.00,9,0
1.80,9,0
1.80,9,0
1.80,9,0
1.80,9,0
1.70,9,0
1.70,9,0
1.80,9,0
1.80,9,0
1.80,9,0
1.70,9,0
1.70,9,0
1.80,9,0
1.90,9,0
2.00,9,0
2.10,9,0
2.10,9,0
2.00,9,0
1.90,9,0
1.90,9,0
1.90,9,0
1.80,9,0
1.80,9,0
1.80,9,0
1.80,9,0
1.70,9,0
1.70,9,0
1.80,9,0
1.60,9,0
1.60,9,0
1.60,9,0
1.70,9,0
1.60,9,0
1.70,9,0
1.80,9,0
1.80,9,0
2.00,9,0
2.00,9,0
2.00,9,0
2.00,9,0
1.90,9,0
1.90,9,0
1.80,9,0
1.80,9,0
1.70,9,0
1.70,9,0
1.60,9,0
1.60,9,0
1.50,9,0
1.40,9,0
1.40,9,0
1.60,9,0
1.60,9,0
1.60,9,0
1.70,9,0
1.80,9,0
1.90,9,0
2.00,9,0
1.90,9,0
1.90,9,0
1.80,9,0
1.80,9,0
1.70,9,0
1.70,9,0
1.60,9,0
1.60,9,0
1.60,9,0
1.60,9,0
1.60,9,0
1.40,9,0
1.40,9,0
1.50,9,0
1.80,9,0
1.80,9,0
1.80,9,0
1.80,9,0
1.90,9,0
2.20,9,0
2.20,9,0
2.10,9,0
2.10,9,0
2.00,9,0
2.00,9,0
1.90,9,0
1.90,9,0
1.90,9,0
2.00,9,0
2.00,9,0
2.00,9,0
1.90,9,0
1.90,9,0
1.80,9,0
1.80,9,0
1.80,9,0
1.80,9,0
1.80,9,0
1.90,9,0
2.20,9,0
2.20,9,0
2.20,9,0
2.10,9,0
2.00,9,0
1.90,9,0
1.90,9,0
1.90,9,0
1.90,9,0
1.90,9,0
1.70,10,0
1.70,10,0
1.60,10,0
1.70,10,0
1.60,10,0
1.70,10,0
1.80,10,0
1.90,10,0
2.00,10,0
2.10,10,1
2.10,10,1
2.10,10,1
2.00,10,0
2.00,10,0
2.00,10,0
1.90,10,0
1.80,10,0
1.70,10,0
1.70,10,0
1.50,10,0
1.60,10,0
1.60,10,0
1.60,10,0
1.70,10,0
1.70,10,0
1.90,10,0
2.00,10,0
2.00,10,0
2.00,10,0
1.90,10,0
1.90,10,0
1.90,10,0
1.80,10,0
1.70,10,0
1.60,10,0
1.60,10,0
1.60,10,0
1.50,10,0
1.50,10,0
1.50,10,0
1.60,10,0
1.60,10,0
1.60,10,0
1.70,10,0
1.80,10,0
2.00,10,0
2.10,10,1
2.00,10,0
1.80,10,0
1.70,10,0
1.70,10,0
1.70,10,0
1.60,10,0
1.60,10,0
1.50,10,0
1.50,10,0
1.40,10,0
1.40,10,0
1.40,10,0
1.40,10,0
1.50,10,0
1.70,10,0
1.60,10,0
1.70,10,0
1.70,10,0
1.80,10,0
2.00,10,0
1.50,10,0
1.60,10,0
1.60,10,0
1.70,10,0
1.70,10,0
1.70,10,0
1.90,10,0
1.70,10,0
1.70,10,0
1.70,10,0
1.60,10,0
1.60,10,0
1.60,10,0
1.60,10,0
1.50,10,0
1.50,10,0
1.40,10,0
1.40,10,0
1.40,10,0
1.50,10,0
1.60,10,0
1.70,10,0
1.70,10,0
1.80,10,0
2.00,10,0
2.10,10,1
2.10,10,1
2.00,10,0
1.90,10,0
1.90,10,0
1.80,10,0
1.80,10,0
1.80,10,0
1.80,10,0
1.80,10,0
1.70,10,0
2.00,10,0
2.00,10,0
1.90,10,0
1.90,10,0
1.80,10,0
1.80,10,0
1.80,10,0
1.80,10,0
1.80,10,0
1.80,10,0
2.10,10,1
2.30,10,1
2.30,10,1
2.20,10,1
2.20,10,1
2.10,10,1
2.10,10,1
2.10,10,1
2.10,10,1
2.10,10,1
2.10,10,1
2.00,10,0
1.80,10,0
1.90,10,0
1.90,10,0
1.90,10,0
1.80,10,0
1.90,10,0
2.00,10,0
2.30,10,1
2.40,10,1
2.40,10,1
2.30,10,1
2.30,10,1
2.20,10,1
2.10,10,1
2.10,10,1
2.10,10,1
2.10,10,1
2.20,10,1
1.90,10,0
1.80,10,0
2.00,10,0
1.90,10,0
1.90,10,0
1.90,10,0
1.90,10,0
2.00,10,0
2.10,10,1
1.90,10,0
1.80,10,0
1.90,10,0
1.90,10,0
1.90,10,0
1.90,10,0
1.90,10,0
1.90,10,0
1.90,10,0
1.80,10,0
1.70,10,0
1.60,10,0
1.50,10,0
1.70,10,0
1.70,10,0
1.70,10,0
1.80,10,0
1.80,10,0
2.30,10,1
2.40,10,1
2.20,10,1
2.20,10,1
2.10,10,1
2.10,10,1
2.00,10,0
1.90,10,0
1.80,10,0
1.80,10,0
1.80,10,0
1.70,10,0
1.60,10,0
1.60,10,0
1.70,10,0
1.80,10,0
1.80,10,0
2.00,10,0
2.00,10,0
1.90,10,0
1.80,10,0
1.80,10,0
1.90,10,0
1.90,10,0
1.90,10,0
1.90,10,0
1.90,10,0
1.90,10,0
1.70,10,0
1.70,10,0
1.80,10,0
1.80,10,0
1.80,10,0
2.00,10,0
2.10,10,1
2.20,10,1
2.20,10,1
2.30,10,1
2.30,10,1
2.30,10,1
2.30,10,1
2.20,10,1
2.10,10,1
2.00,10,0
2.00,10,0
2.00,10,0
2.00,10,0
1.80,10,0
1.70,10,0
1.80,10,0
1.90,10,0
2.00,10,0
2.10,10,1
2.00,10,0
1.90,10,0
1.80,10,0
1.80,10,0
1.80,10,0
1.70,10,0
1.70,10,0
1.70,10,0
1.70,10,0
1.60,10,0
1.60,10,0
1.50,10,0
1.50,10,0
1.70,10,0
1.70,10,0
1.70,10,0
1.70,10,0
1.80,10,0
2.00,10,0
2.00,10,0
1.80,10,0
1.70,10,0
1.70,10,0
1.70,10,0
1.70,10,0
1.70,10,0
1.60,10,0
1.60,10,0
1.50,10,0
1.40,10,0
1.40,10,0
1.40,10,0
1.50,10,0
1.60,10,0
1.60,10,0
1.70,10,0
1.80,10,0
1.90,10,0
1.90,10,0
1.50,10,0
1.40,10,0
1.50,10,0
1.70,10,0
1.80,10,0
1.70,10,0
1.70,10,0
2.00,10,0
2.00,10,0
2.00,10,0
2.00,10,0
2.10,10,1
2.10,10,1
2.00,10,0
2.00,10,0
2.00,10,0
2.00,10,0
2.00,10,0
2.00,10,0
2.10,10,1
2.10,10,1
2.10,10,1
2.10,10,1
2.30,10,1
2.30,10,1
2.30,10,1
2.20,10,1
2.00,10,0
2.30,10,1
2.10,10,1
2.00,10,0
2.00,10,0
2.10,10,1
2.20,10,1
2.10,10,1
2.00,10,0
2.10,10,1
2.10,10,1
2.10,10,1
2.10,10,1
2.10,10,1
2.10,10,1
2.20,10,1
2.10,10,1
2.30,10,1
2.20,10,1
2.20,10,1
1.90,10,0
1.80,10,0
1.80,10,0
1.90,10,0
2.00,10,0
2.10,10,1
2.20,10,1
2.20,10,1
2.20,10,1
2.20,10,1
2.20,10,1
2.30,10,1
2.40,10,1
2.40,10,1
2.40,10,1
2.20,10,1
2.20,10,1
2.20,10,1
2.10,10,1
2.00,10,0
2.00,10,0
2.00,10,0
2.00,10,0
2.00,10,0
2.10,10,1
2.10,10,1
2.20,10,1
2.30,10,1
2.40,10,1
2.40,10,1
2.40,10,1
2.30,10,1
2.30,10,1
2.30,10,1
2.20,10,1
2.10,10,1
2.00,10,0
2.00,10,0
2.10,10,1
2.10,10,1
2.20,10,1
2.30,10,1
2.30,10,1
2.40,10,1
2.40,10,1
2.50,10,1
2.50,10,1
2.50,10,1
2.60,10,1
2.60,10,1
2.30,10,1
2.30,10,1
2.30,10,1
2.30,10,1
2.20,10,1
2.20,10,1
2.10,10,1
2.10,10,1
2.00,10,0
1.90,10,0
1.90,10,0
2.00,10,0
2.10,10,1
2.10,10,1
2.30,10,1
2.40,10,1
2.60,10,1
2.80,10,1
3.00,10,1
3.00,10,1
2.90,10,1
3.00,10,1
2.90,10,1
2.80,10,1
2.80,10,1
2.60,10,1
2.50,10,1
2.40,10,1
2.40,10,1
2.30,10,1
2.30,10,1
2.20,10,1
2.00,10,0
2.30,10,1
2.40,10,1
2.40,10,1
2.40,10,1
2.40,10,1
2.50,10,1
2.50,10,1
2.50,10,1
2.50,10,1
2.50,10,1
2.60,10,1
2.60,10,1
2.70,10,1
2.60,10,1
2.40,10,1
2.40,10,1
2.50,10,1
2.30,10,1
2.30,10,1
2.30,10,1
2.20,10,1
2.10,10,1
1.90,10,0
2.00,10,0
2.10,10,1
2.10,10,1
2.10,10,1
2.10,10,1
2.10,10,1
2.20,10,1
2.30,10,1
2.40,10,1
2.40,10,1
2.50,10,1
2.60,10,1
2.50,10,1
2.40,10,1
2.50,10,1
2.20,10,1
2.10,10,1
2.00,10,0
1.90,10,0
1.90,10,0
2.00,10,0
2.00,10,0
2.00,10,0
2.00,10,0
2.00,10,0
2.10,10,1
2.20,10,1
2.20,10,1
2.30,10,1
2.40,10,1
2.50,10,1
2.50,10,1
2.40,10,1
2.30,10,1
2.20,10,1
2.20,10,1
2.10,10,1
2.10,10,1
2.00,10,0
1.90,10,0
2.00,10,0
2.10,10,1
2.30,10,1
2.30,10,1
2.70,10,1
2.80,10,1
3.00,10,1
3.00,10,1
3.00,10,1
2.90,10,1
2.60,10,1
2.50,10,1
2.40,10,1
2.40,10,1
2.40,10,1
2.20,10,1
2.10,10,1
2.10,10,1
2.20,10,1
2.30,10,1
2.40,10,1
2.40,10,1
2.80,10,1
2.70,10,1
2.60,10,1
2.60,10,1
2.60,10,1
2.70,10,1
2.70,10,1
2.40,10,1
2.40,10,1
2.40,10,1
2.30,10,1
2.30,10,1
2.20,10,1
2.20,10,1
2.20,10,1
2.20,10,1
2.30,10,1
2.40,10,1
2.50,10,1
2.90,10,1
3.00,10,1
3.20,10,1
3.20,10,1
3.40,10,1
3.40,10,1
3.40,10,1
3.40,10,1
3.40,10,1
3.50,10,1
3.20,10,1
2.90,10,1
2.80,10,1
2.50,10,1
2.50,10,1
2.90,10,1
2.80,10,1
2.70,10,1
2.60,10,1
2.50,10,1
2.50,10,1
2.20,10,1
2.20,10,1
2.20,10,1
2.20,10,1
2.30,10,1
2.30,10,1
2.50,10,1
2.50,10,1
2.60,10,1
2.60,10,1
2.60,10,1
2.60,10,1
2.50,10,1
2.50,10,1
0.00,10,0
2.40,11,1
2.40,11,1
2.40,11,1
2.40,11,1
2.40,11,1
2.30,11,1
2.20,11,1
1.90,11,0
1.90,11,0
2.10,11,1
2.10,11,1
2.30,11,1
2.70,11,1
2.80,11,1
2.90,11,1
2.90,11,1
2.90,11,1
3.00,11,1
2.90,11,1
2.90,11,1
2.90,11,1
2.50,11,1
2.50,11,1
2.40,11,1
2.30,11,1
2.20,11,1
2.10,11,1
2.00,11,0
2.10,11,1
2.20,11,1
2.30,11,1
2.40,11,1
2.40,11,1
2.40,11,1
2.30,11,1
2.30,11,1
2.30,11,1
2.30,11,1
2.30,11,1
2.30,11,1
2.50,11,1
2.50,11,1
2.40,11,1
2.40,11,1
2.30,11,1
2.30,11,1
2.20,11,1
2.20,11,1
2.20,11,1
2.20,11,1
2.10,11,1
2.00,11,0
2.10,11,1
2.20,11,1
2.30,11,1
2.40,11,1
2.50,11,1
2.50,11,1
2.50,11,1
2.50,11,1
2.50,11,1
2.50,11,1
2.50,11,1
2.50,11,1
2.60,11,1
2.60,11,1
2.40,11,1
2.30,11,1
2.30,11,1
2.40,11,1
2.30,11,1
2.30,11,1
2.20,11,1
2.30,11,1
2.40,11,1
2.30,11,1
2.30,11,1
2.30,11,1
2.40,11,1
2.50,11,1
2.50,11,1
2.60,11,1
2.60,11,1
2.60,11,1
2.60,11,1
2.70,11,1
2.70,11,1
2.60,11,1
2.50,11,1
2.50,11,1
2.40,11,1
2.60,11,1
2.60,11,1
2.60,11,1
2.60,11,1
2.40,11,1
2.30,11,1
2.30,11,1
2.30,11,1
2.10,11,1
2.10,11,1
2.00,11,0
2.00,11,0
2.10,11,1
2.10,11,1
2.20,11,1
2.20,11,1
2.30,11,1
2.30,11,1
2.30,11,1
2.30,11,1
2.30,11,1
2.40,11,1
2.40,11,1
2.40,11,1
2.40,11,1
2.40,11,1
2.40,11,1
2.40,11,1
2.40,11,1
2.30,11,1
2.30,11,1
2.20,11,1
2.20,11,1
2.30,11,1
2.40,11,1
2.50,11,1
2.50,11,1
2.50,11,1
2.70,11,1
2.80,11,1
2.80,11,1
2.90,11,1
2.90,11,1
2.90,11,1
2.70,11,1
2.70,11,1
2.60,11,1
2.50,11,1
2.40,11,1
2.30,11,1
2.40,11,1
2.40,11,1
2.40,11,1
2.50,11,1
2.50,11,1
2.70,11,1
3.00,11,1
3.10,11,1
3.00,11,1
3.00,11,1
2.90,11,1
3.00,11,1
3.20,11,1
3.30,11,1
3.60,11,1
3.30,11,1
3.10,11,1
3.00,11,1
3.00,11,1
2.80,11,1
2.70,11,1
2.70,11,1
2.70,11,1
3.00,11,1
2.90,11,1
3.00,11,1
2.70,11,1
2.60,11,1
2.50,11,1
2.50,11,1
2.50,11,1
2.30,11,1
2.30,11,1
2.30,11,1
2.40,11,1
2.40,11,1
2.50,11,1
2.50,11,1
2.50,11,1
2.50,11,1
2.50,11,1
2.60,11,1
2.60,11,1
2.70,11,1
2.80,11,1
2.80,11,1
2.70,11,1
2.50,11,1
2.40,11,1
2.40,11,1
2.30,11,1
2.30,11,1
2.30,11,1
2.50,11,1
2.70,11,1
2.60,11,1
2.60,11,1
2.60,11,1
2.70,11,1
2.80,11,1
2.80,11,1
2.80,11,1
2.90,11,1
2.90,11,1
2.80,11,1
2.80,11,1
2.80,11,1
2.60,11,1
2.50,11,1
2.30,11,1
2.20,11,1
2.50,11,1
2.40,11,1
2.40,11,1
2.40,11,1
2.40,11,1
2.50,11,1
2.60,11,1
2.60,11,1
2.60,11,1
2.60,11,1
2.70,11,1
2.70,11,1
2.50,11,1
2.40,11,1
2.20,11,1
2.20,11,1
2.20,11,1
2.20,11,1
2.30,11,1
2.30,11,1
2.30,11,1
2.30,11,1
2.40,11,1
2.50,11,1
2.60,11,1
2.60,11,1
2.50,11,1
2.50,11,1
2.50,11,1
2.40,11,1
2.30,11,1
2.20,11,1
2.10,11,1
2.10,11,1
2.10,11,1
2.10,11,1
2.10,11,1
2.00,11,0
2.00,11,0
2.00,11,0
2.00,11,0
2.00,11,0
2.00,11,0
2.00,11,0
2.10,11,1
2.10,11,1
2.10,11,1
2.20,11,1
2.10,11,1
2.30,11,1
2.20,11,1
2.20,11,1
2.30,11,1
2.20,11,1
2.10,11,1
2.10,11,1
2.00,11,0
2.30,11,1
2.30,11,1
2.30,11,1
2.20,11,1
2.20,11,1
2.20,11,1
2.30,11,1
2.30,11,1
2.40,11,1
2.40,11,1
2.50,11,1
2.30,11,1
2.30,11,1
2.20,11,1
2.20,11,1
2.20,11,1
2.20,11,1
2.20,11,1
2.10,11,1
2.10,11,1
2.20,11,1
2.20,11,1
2.10,11,1
2.20,11,1
2.10,11,1
2.20,11,1
2.20,11,1
2.20,11,1
2.10,11,1
2.10,11,1
2.10,11,1
2.00,11,0
2.10,11,1
2.10,11,1
2.30,11,1
2.20,11,1
2.20,11,1
2.20,11,1
2.30,11,1
2.30,11,1
2.30,11,1
2.20,11,1
2.10,11,1
2.00,11,0
2.00,11,0
2.10,11,1
2.00,11,0
2.10,11,1
2.10,11,1
2.10,11,1
2.10,11,1
2.20,11,1
2.20,11,1
2.20,11,1
2.20,11,1
2.20,11,1
2.20,11,1
2.30,11,1
2.30,11,1
2.40,11,1
2.40,11,1
2.30,11,1
2.20,11,1
2.20,11,1
2.20,11,1
2.10,11,1
2.20,11,1
2.00,11,0
1.90,11,0
1.90,11,0
2.00,11,0
2.10,11,1
2.10,11,1
2.20,11,1
2.20,11,1
2.30,11,1
2.30,11,1
2.40,11,1
2.40,11,1
2.40,11,1
2.50,11,1
2.60,11,1
2.60,11,1
2.60,11,1
2.40,11,1
2.40,11,1
2.40,11,1
2.30,11,1
2.20,11,1
2.20,11,1
2.10,11,1
2.10,11,1
2.10,11,1
2.10,11,1
2.20,11,1
2.10,11,1
2.20,11,1
2.20,11,1
2.20,11,1
2.20,11,1
2.30,11,1
2.30,11,1
2.30,11,1
2.40,11,1
2.40,11,1
2.30,11,1
2.30,11,1
2.30,11,1
2.40,11,1
2.30,11,1
2.30,11,1
2.30,11,1
2.20,11,1
2.20,11,1
2.20,11,1
2.30,11,1
2.20,11,1
2.20,11,1
2.20,11,1
2.30,11,1
2.30,11,1
2.30,11,1
2.30,11,1
2.30,11,1
2.30,11,1
2.50,11,1
2.50,11,1
2.40,11,1
2.40,11,1
2.40,11,1
2.30,11,1
2.30,11,1
2.30,11,1
2.20,11,1
2.30,11,1
2.20,11,1
2.10,11,1
2.10,11,1
2.10,11,1
2.20,11,1
2.20,11,1
2.20,11,1
2.30,11,1
2.30,11,1
2.40,11,1
2.50,11,1
2.60,11,1
2.60,11,1
2.70,11,1
2.70,11,1
2.60,11,1
2.40,11,1
2.40,11,1
2.40,11,1
2.40,11,1
2.30,11,1
2.30,11,1
2.20,11,1
2.20,11,1
2.60,11,1
2.80,11,1
2.70,11,1
2.70,11,1
2.70,11,1
2.80,11,1
2.80,11,1
2.80,11,1
2.70,11,1
2.70,11,1
2.70,11,1
2.70,11,1
2.80,11,1
2.80,11,1
2.80,11,1
2.90,11,1
2.60,11,1
2.50,11,1
2.50,11,1
2.50,11,1
2.50,11,1
2.50,11,1
2.40,11,1
2.40,11,1
2.10,11,1
2.50,11,1
2.80,11,1
2.80,11,1
2.80,11,1
2.80,11,1
2.80,11,1
2.80,11,1
2.80,11,1
2.80,11,1
2.80,11,1
2.80,11,1
2.80,11,1
2.80,11,1
2.80,11,1
2.80,11,1
2.80,11,1
2.80,11,1
2.80,11,1
2.60,11,1
2.50,11,1
2.40,11,1
2.40,11,1
2.40,11,1
2.40,11,1
2.40,11,1
2.40,11,1
2.50,11,1
2.40,11,1
2.50,11,1
2.60,11,1
2.60,11,1
2.60,11,1
2.60,11,1
2.60,11,1
2.60,11,1
2.70,11,1
2.80,11,1
2.80,11,1
2.80,11,1
2.80,11,1
2.70,11,1
2.60,11,1
2.50,11,1
2.50,11,1
2.40,11,1
2.30,11,1
2.30,11,1
2.30,11,1
2.30,11,1
2.30,11,1
2.40,11,1
2.40,11,1
2.50,11,1
2.50,11,1
2.50,11,1
2.50,11,1
2.50,11,1
2.60,11,1
2.70,11,1
2.70,11,1
2.80,11,1
2.90,11,1
2.80,11,1
2.80,11,1
2.60,11,1
2.40,11,1
2.50,11,1
2.70,11,1
2.80,11,1
2.60,11,1
2.50,11,1
2.40,11,1
2.50,11,1
2.80,11,1
3.00,11,1
3.10,11,1
3.20,11,1
3.20,11,1
3.20,11,1
3.20,11,1
3.20,11,1
3.10,11,1
3.10,11,1
3.10,11,1
3.20,11,1
3.30,11,1
3.10,11,1
3.00,11,1
2.80,11,1
2.70,11,1
2.60,11,1
2.50,11,1
2.50,11,1
2.40,11,1
2.40,11,1
2.30,11,1
2.30,11,1
2.30,11,1
2.60,11,1
2.90,11,1
3.10,11,1
3.10,11,1
3.00,11,1
3.10,11,1
3.10,11,1
3.20,11,1
2.90,11,1
2.80,11,1
2.70,11,1
2.70,11,1
2.50,11,1
2.50,11,1
2.40,11,1
2.30,11,1
2.30,11,1
2.30,11,1
2.40,11,1
2.40,11,1
2.50,11,1
2.50,11,1
2.60,11,1
2.60,11,1
2.60,11,1
2.60,11,1
2.70,11,1
2.70,11,1
2.70,11,1
2.70,11,1
2.80,11,1
2.80,11,1
2.80,11,1
2.80,11,1
2.70,11,1
2.70,11,1
2.40,11,1
2.40,11,1
2.60,11,1
2.50,11,1
2.50,11,1
2.50,11,1
2.50,11,1
2.60,11,1
2.70,11,1
2.60,11,1
2.60,11,1
2.60,11,1
2.80,11,1
3.00,11,1
3.10,11,1
3.10,11,1
3.20,11,1
3.30,11,1
2.00,12,0
2.00,12,0
2.00,12,0
2.00,12,0
1.90,12,0
1.90,12,0
2.00,12,0
2.00,12,0
2.00,12,0
2.00,12,0
2.00,12,0
2.00,12,0
1.90,12,0
2.00,12,0
2.00,12,0
2.00,12,0
2.00,12,0
2.00,12,0
2.00,12,0
2.00,12,0
2.00,12,0
2.00,12,0
0.00,12,0
2.00,12,0
0.00,12,0
0.00,12,0
2.00,12,0
2.00,12,0
2.00,12,0
